customer_id,gender,age,age_group,married,kids_under12,area,subs_start_year
C5001,F,51,50대,M,N,용산구,2015
C5002,M,22,20대,S,N,강남구,2015
C5003,F,33,30대,M,Y,서대문구,2015
C5004,F,24,20대,M,N,서대문구,2015
C5005,F,35,30대,M,N,마포구,2015
C5006,F,46,40대,S,N,강남구,2015
C5007,F,37,30대,M,N,광진구,2015
C5008,M,38,30대,M,Y,강남구,2015
C5009,M,39,30대,M,Y,양천구,2015
C5010,M,30,30대,M,N,동작구,2015
C5011,F,51,50대,S,N,용산구,2015
C5012,F,32,30대,M,Y,송파구,2015
C5013,F,43,40대,M,Y,양천구,2015
C5014,M,44,40대,M,Y,서대문구,2015
C5015,M,35,30대,S,N,마포구,2015
C5016,M,46,40대,M,Y,동작구,2015
C5017,F,37,30대,M,N,광진구,2015
C5018,F,28,20대,S,N,동작구,2015
C5019,F,65,60대,S,N,동작구,2015
C5020,M,30,30대,S,N,송파구,2015
C5021,M,31,30대,M,Y,강남구,2015
C5022,M,52,50대,M,Y,동작구,2015
C5023,F,19,10대,S,N,송파구,2015
C5024,F,44,40대,M,Y,서대문구,2015
C5025,M,25,20대,S,N,관악구,2015
C5026,M,46,40대,S,N,양천구,2015
C5027,F,57,50대,M,N,용산구,2015
C5028,M,38,30대,M,Y,강남구,2015
C5029,F,61,60대,M,N,서초구,2015
C5030,F,50,50대,M,N,양천구,2015
C5031,F,21,20대,M,Y,마포구,2015
C5032,M,32,30대,S,N,강남구,2015
C5033,M,53,50대,M,N,동작구,2015
C5034,M,34,30대,M,Y,광진구,2015
C5035,F,45,40대,M,Y,서대문구,2015
C5036,M,36,30대,M,Y,용산구,2015
C5037,M,47,40대,M,Y,서대문구,2015
C5038,F,48,40대,S,N,양천구,2015
C5039,M,39,30대,M,Y,용산구,2015
C5040,M,20,20대,M,N,강남구,2015
C5041,F,21,20대,M,N,강남구,2015
C5042,F,22,20대,M,N,용산구,2015
C5043,M,23,20대,M,N,송파구,2015
C5044,F,54,50대,M,N,마포구,2015
C5045,M,35,30대,M,Y,양천구,2015
C5046,M,46,40대,S,N,강남구,2015
C5047,M,47,40대,M,N,용산구,2015
C5048,M,38,30대,M,N,양천구,2015
C5049,M,29,20대,M,Y,양천구,2015
C5050,M,50,50대,M,N,광진구,2015
C5051,F,21,20대,S,N,용산구,2015
C5052,M,22,20대,S,N,광진구,2015
C5053,M,23,20대,M,N,용산구,2015
C5054,F,24,20대,M,N,용산구,2015
C5055,F,25,20대,M,Y,송파구,2015
C5056,F,36,30대,M,Y,서대문구,2015
C5057,F,47,40대,M,N,동작구,2015
C5058,M,28,20대,M,Y,강남구,2015
C5059,F,63,60대,S,N,용산구,2015
C5060,F,30,30대,S,N,강남구,2015
C5061,M,31,30대,M,Y,강남구,2015
C5062,F,42,40대,M,Y,마포구,2015
C5063,M,23,20대,S,N,서대문구,2015
C5064,F,54,50대,M,N,양천구,2015
C5065,M,45,40대,M,Y,용산구,2015
C5066,F,56,50대,S,N,강남구,2015
C5067,M,37,30대,S,N,광진구,2015
C5068,F,48,40대,M,Y,동작구,2015
C5069,F,29,20대,M,Y,마포구,2015
C5070,F,40,40대,M,Y,관악구,2015
C5071,M,21,20대,S,N,용산구,2015
C5072,M,22,20대,S,N,서초구,2015
C5073,F,33,30대,M,N,서대문구,2015
C5074,M,34,30대,M,Y,송파구,2015
C5075,F,35,30대,S,N,광진구,2015
C5076,F,36,30대,M,Y,송파구,2015
C5077,M,27,20대,S,N,용산구,2015
C5078,F,38,30대,M,N,송파구,2015
C5079,M,29,20대,S,N,마포구,2015
C5080,M,50,50대,M,Y,서대문구,2015
C5081,F,31,30대,M,Y,양천구,2015
C5082,M,22,20대,S,N,강남구,2015
C5083,M,23,20대,M,N,용산구,2015
C5084,F,24,20대,S,N,서대문구,2015
C5085,F,25,20대,S,N,관악구,2015
C5086,M,46,40대,M,Y,용산구,2015
C5087,F,37,30대,M,N,관악구,2015
C5088,F,28,20대,M,Y,광진구,2015
C5089,M,59,50대,M,N,마포구,2015
C5090,F,30,30대,M,Y,서대문구,2015
C5091,F,41,40대,M,Y,용산구,2015
C5092,F,22,20대,S,N,서초구,2015
C5093,M,33,30대,M,Y,광진구,2015
C5094,M,44,40대,M,Y,강남구,2015
C5095,M,55,50대,M,N,서초구,2015
C5096,F,46,40대,S,N,용산구,2015
C5097,M,27,20대,S,N,마포구,2015
C5098,M,58,50대,M,N,양천구,2015
C5099,M,39,30대,M,N,용산구,2015
C5100,M,20,20대,M,Y,용산구,2015
C5101,F,51,50대,M,Y,광진구,2015
C5102,F,42,40대,M,N,서대문구,2015
C5103,M,43,40대,M,Y,양천구,2015
C5104,F,24,20대,M,Y,용산구,2015
C5105,M,25,20대,S,N,송파구,2015
C5106,M,56,50대,S,N,용산구,2015
C5107,M,37,30대,S,N,강남구,2015
C5108,F,48,40대,M,Y,강남구,2015
C5109,M,59,50대,M,N,강남구,2015
C5110,M,40,40대,M,N,송파구,2015
C5111,F,31,30대,M,Y,양천구,2015
C5112,F,22,20대,M,N,광진구,2015
C5113,F,33,30대,M,N,용산구,2015
C5114,F,44,40대,M,Y,서대문구,2015
C5115,M,35,30대,M,N,서초구,2015
C5116,M,56,50대,M,N,양천구,2015
C5117,F,19,10대,S,N,강남구,2015
C5118,F,28,20대,M,Y,마포구,2015
C5119,M,49,40대,M,N,강남구,2015
C5120,F,20,20대,S,N,관악구,2015
C5121,F,51,50대,S,N,강남구,2015
C5122,M,42,40대,M,Y,광진구,2015
C5123,M,43,40대,M,Y,용산구,2015
C5124,F,24,20대,M,Y,용산구,2015
C5125,M,55,50대,M,N,용산구,2015
C5126,F,46,40대,S,N,양천구,2015
C5127,M,19,10대,S,N,관악구,2015
C5128,F,28,20대,S,N,서초구,2015
C5129,F,59,50대,M,N,마포구,2015
C5130,F,40,40대,M,Y,용산구,2015
C5131,F,21,20대,S,N,용산구,2015
C5132,F,52,50대,M,N,서대문구,2015
C5133,M,23,20대,M,Y,강남구,2015
C5134,M,34,30대,M,N,양천구,2015
C5135,M,55,50대,M,Y,용산구,2015
C5136,M,56,50대,M,Y,강남구,2015
C5137,M,37,30대,M,N,관악구,2015
C5138,F,28,20대,M,N,관악구,2015
C5139,F,49,40대,S,N,강남구,2015
C5140,M,20,20대,S,N,동작구,2015
C5141,F,31,30대,M,Y,송파구,2015
C5142,F,42,40대,M,Y,광진구,2015
C5143,F,43,40대,M,Y,서초구,2015
C5144,F,44,40대,M,Y,서대문구,2015
C5145,M,25,20대,S,N,광진구,2015
C5146,F,26,20대,S,N,마포구,2015
C5147,M,37,30대,S,N,강남구,2015
C5148,M,38,30대,M,Y,광진구,2015
C5149,F,39,30대,S,N,광진구,2015
C5150,F,20,20대,M,N,강남구,2015
C5151,M,51,50대,M,N,동작구,2015
C5152,M,42,40대,M,Y,송파구,2015
C5153,F,23,20대,M,N,광진구,2015
C5154,M,54,50대,M,Y,관악구,2015
C5155,F,35,30대,M,Y,강남구,2015
C5156,F,36,30대,S,N,양천구,2015
C5157,F,37,30대,S,N,송파구,2015
C5158,M,38,30대,S,N,강남구,2015
C5159,F,49,40대,S,N,강남구,2015
C5160,F,20,20대,M,N,강남구,2015
C5161,F,41,40대,M,Y,서대문구,2015
C5162,F,52,50대,S,N,동작구,2015
C5163,M,23,20대,S,N,서초구,2015
C5164,F,34,30대,S,N,강남구,2015
C5165,M,45,40대,M,Y,서대문구,2015
C5166,F,26,20대,M,N,관악구,2015
C5167,F,57,50대,M,N,서대문구,2015
C5168,F,28,20대,M,Y,양천구,2015
C5169,M,49,40대,S,N,서초구,2015
C5170,M,30,30대,M,Y,용산구,2015
C5171,F,21,20대,S,N,동작구,2015
C5172,M,32,30대,S,N,동작구,2015
C5173,F,18,10대,S,N,양천구,2015
C5174,M,24,20대,S,N,용산구,2015
C5175,F,45,40대,M,Y,용산구,2015
C5176,F,56,50대,M,Y,용산구,2015
C5177,F,37,30대,M,Y,서초구,2015
C5178,F,48,40대,M,Y,서대문구,2015
C5179,F,59,50대,S,N,광진구,2015
C5180,M,50,50대,M,N,강남구,2015
C5181,M,21,20대,M,Y,강남구,2015
C5182,F,22,20대,S,N,광진구,2015
C5183,F,33,30대,M,Y,송파구,2015
C5184,M,24,20대,S,N,마포구,2015
C5185,M,35,30대,M,Y,서대문구,2015
C5186,F,26,20대,M,N,관악구,2015
C5187,M,27,20대,S,N,강남구,2015
C5188,M,48,40대,M,Y,마포구,2015
C5189,F,60,60대,M,N,용산구,2015
C5190,M,30,30대,S,N,관악구,2015
C5191,F,21,20대,S,N,서대문구,2015
C5192,M,22,20대,M,N,마포구,2015
C5193,F,43,40대,M,Y,송파구,2015
C5194,M,54,50대,M,N,양천구,2015
C5195,M,35,30대,S,N,용산구,2015
C5196,F,46,40대,S,N,광진구,2015
C5197,F,57,50대,M,N,서대문구,2015
C5198,M,38,30대,S,N,서초구,2015
C5199,M,29,20대,S,N,송파구,2015
C5200,F,30,30대,M,Y,용산구,2015
C5201,M,41,40대,M,N,마포구,2015
C5202,M,22,20대,M,N,마포구,2015
C5203,F,33,30대,S,N,관악구,2015
C5204,M,24,20대,S,N,서대문구,2015
C5205,F,45,40대,M,Y,동작구,2015
C5206,M,46,40대,M,N,동작구,2015
C5207,F,27,20대,S,N,강남구,2015
C5208,M,38,30대,M,Y,강남구,2015
C5209,F,66,60대,S,N,용산구,2015
C5210,M,20,20대,M,Y,강남구,2015
C5211,M,21,20대,M,N,강남구,2015
C5212,M,32,30대,M,N,강남구,2015
C5213,M,33,30대,S,N,마포구,2015
C5214,M,24,20대,M,Y,서대문구,2015
C5215,F,35,30대,M,N,용산구,2015
C5216,M,46,40대,S,N,용산구,2015
C5217,M,47,40대,M,N,용산구,2015
C5218,F,58,50대,M,Y,용산구,2015
C5219,F,29,20대,S,N,용산구,2015
C5220,M,40,40대,M,Y,양천구,2015
C5221,F,21,20대,M,Y,마포구,2015
C5222,F,22,20대,M,N,송파구,2015
C5223,F,43,40대,M,Y,마포구,2015
C5224,M,24,20대,M,N,마포구,2015
C5225,F,45,40대,S,N,광진구,2015
C5226,F,56,50대,M,Y,용산구,2015
C5227,F,47,40대,M,N,마포구,2015
C5228,F,38,30대,M,Y,용산구,2015
C5229,M,49,40대,M,Y,양천구,2015
C5230,F,20,20대,S,N,송파구,2015
C5231,F,21,20대,M,Y,용산구,2015
C5232,M,42,40대,S,N,서대문구,2015
C5233,M,33,30대,M,Y,용산구,2015
C5234,M,54,50대,M,Y,송파구,2015
C5235,F,55,50대,M,N,서대문구,2015
C5236,M,26,20대,S,N,광진구,2015
C5237,M,37,30대,M,Y,용산구,2015
C5238,F,38,30대,M,N,용산구,2015
C5239,M,59,50대,M,N,용산구,2015
C5240,M,30,30대,M,Y,마포구,2015
C5241,F,31,30대,M,Y,용산구,2015
C5242,M,52,50대,M,N,용산구,2015
C5243,M,33,30대,S,N,강남구,2015
C5244,F,24,20대,S,N,서대문구,2015
C5245,F,45,40대,M,N,용산구,2015
C5246,M,46,40대,M,N,마포구,2015
C5247,F,37,30대,S,N,마포구,2015
C5248,F,28,20대,M,Y,서대문구,2015
C5249,F,29,20대,M,Y,용산구,2015
C5250,F,20,20대,S,N,양천구,2015
C5251,M,21,20대,M,N,관악구,2015
C5252,M,52,50대,S,N,강남구,2015
C5253,M,33,30대,M,N,서초구,2015
C5254,M,54,50대,M,N,서초구,2015
C5255,F,35,30대,S,N,강남구,2015
C5256,M,46,40대,S,N,강남구,2015
C5257,F,37,30대,M,N,강남구,2015
C5258,M,58,50대,S,N,송파구,2015
C5259,F,39,30대,M,Y,강남구,2015
C5260,F,20,20대,M,N,마포구,2015
C5261,M,21,20대,S,N,서대문구,2015
C5262,M,22,20대,S,N,광진구,2015
C5263,M,43,40대,M,Y,용산구,2015
C5264,F,44,40대,M,Y,용산구,2015
C5265,M,55,50대,M,Y,강남구,2015
C5266,M,26,20대,M,Y,서초구,2015
C5267,M,57,50대,M,N,관악구,2015
C5268,F,38,30대,S,N,송파구,2015
C5269,M,39,30대,M,Y,송파구,2015
C5270,M,30,30대,S,N,용산구,2015
C5271,F,21,20대,M,N,강남구,2015
C5272,M,52,50대,M,N,동작구,2015
C5273,F,53,50대,M,Y,서초구,2015
C5274,M,24,20대,S,N,강남구,2015
C5275,F,35,30대,M,N,광진구,2015
C5276,F,26,20대,S,N,서대문구,2015
C5277,M,57,50대,M,N,용산구,2015
C5278,F,38,30대,M,Y,강남구,2015
C5279,M,66,60대,S,N,송파구,2015
C5280,F,30,30대,M,Y,강남구,2015
C5281,M,31,30대,M,Y,용산구,2015
C5282,M,22,20대,M,N,마포구,2015
C5283,M,23,20대,M,N,용산구,2015
C5284,F,34,30대,S,N,용산구,2015
C5285,F,35,30대,M,N,강남구,2015
C5286,M,36,30대,S,N,관악구,2015
C5287,F,27,20대,S,N,송파구,2015
C5288,F,38,30대,M,Y,서대문구,2015
C5289,M,62,60대,S,N,서대문구,2015
C5290,F,50,50대,M,N,송파구,2015
C5291,M,31,30대,M,Y,마포구,2015
C5292,F,18,10대,S,N,강남구,2015
C5293,F,23,20대,M,N,서대문구,2015
C5294,M,54,50대,S,N,송파구,2015
C5295,F,55,50대,M,N,동작구,2015
C5296,F,26,20대,M,Y,송파구,2015
C5297,M,57,50대,M,N,용산구,2015
C5298,F,38,30대,M,N,광진구,2015
C5299,F,49,40대,M,Y,동작구,2015
C5300,F,20,20대,S,N,강남구,2015
C5301,F,51,50대,M,N,광진구,2015
C5302,F,42,40대,S,Y,용산구,2015
C5303,F,23,20대,S,N,송파구,2015
C5304,M,54,50대,M,N,마포구,2015
C5305,M,25,20대,S,N,동작구,2015
C5306,M,56,50대,M,N,마포구,2015
C5307,M,47,40대,M,Y,광진구,2015
C5308,F,38,30대,S,N,광진구,2015
C5309,M,49,40대,M,Y,양천구,2015
C5310,F,30,30대,M,N,강남구,2015
C5311,F,21,20대,S,N,송파구,2015
C5312,F,52,50대,M,N,서초구,2015
C5313,M,23,20대,S,N,강남구,2015
C5314,F,34,30대,M,Y,강남구,2015
C5315,F,35,30대,M,N,강남구,2015
C5316,M,36,30대,S,N,마포구,2015
C5317,M,47,40대,M,Y,용산구,2015
C5318,F,38,30대,S,N,송파구,2015
C5319,F,59,50대,M,Y,강남구,2015
C5320,F,19,10대,S,N,강남구,2015
C5321,F,21,20대,S,N,동작구,2015
C5322,M,22,20대,S,N,강남구,2015
C5323,M,33,30대,S,N,강남구,2015
C5324,M,54,50대,S,N,강남구,2015
C5325,M,55,50대,M,N,송파구,2015
C5326,F,56,50대,M,Y,용산구,2015
C5327,M,47,40대,S,N,마포구,2015
C5328,F,58,50대,M,N,관악구,2015
C5329,F,60,60대,S,N,광진구,2015
C5330,M,20,20대,M,N,용산구,2015
C5331,F,21,20대,M,N,송파구,2015
C5332,F,32,30대,M,N,송파구,2015
C5333,M,23,20대,S,N,강남구,2015
C5334,M,24,20대,M,Y,마포구,2015
C5335,F,45,40대,M,Y,송파구,2015
C5336,F,46,40대,M,N,용산구,2015
C5337,M,27,20대,S,N,용산구,2015
C5338,M,38,30대,S,N,서대문구,2015
C5339,F,59,50대,M,N,마포구,2015
C5340,M,20,20대,M,Y,용산구,2015
C5341,F,41,40대,S,N,서초구,2015
C5342,M,22,20대,M,N,양천구,2015
C5343,F,23,20대,S,N,강남구,2015
C5344,M,34,30대,S,N,용산구,2015
C5345,F,25,20대,S,N,광진구,2015
C5346,M,46,40대,S,N,관악구,2015
C5347,M,37,30대,S,N,마포구,2015
C5348,M,58,50대,M,Y,송파구,2015
C5349,F,39,30대,M,Y,송파구,2015
C5350,M,50,50대,M,Y,송파구,2015
C5351,M,51,50대,M,Y,용산구,2015
C5352,M,42,40대,S,N,서초구,2015
C5353,F,53,50대,M,N,광진구,2015
C5354,F,44,40대,M,N,관악구,2015
C5355,F,35,30대,M,N,용산구,2015
C5356,M,46,40대,S,N,송파구,2015
C5357,F,37,30대,M,Y,강남구,2015
C5358,M,28,20대,S,N,서초구,2015
C5359,M,49,40대,M,Y,용산구,2015
C5360,F,20,20대,S,N,관악구,2015
C5361,F,31,30대,M,N,동작구,2015
C5362,M,22,20대,S,N,송파구,2015
C5363,M,23,20대,M,Y,용산구,2015
C5364,F,44,40대,M,Y,강남구,2015
C5365,M,35,30대,M,N,강남구,2015
C5366,M,46,40대,M,Y,양천구,2015
C5367,F,47,40대,M,Y,송파구,2015
C5368,F,48,40대,M,Y,송파구,2015
C5369,F,49,40대,S,N,서초구,2015
C5370,F,40,40대,M,Y,강남구,2015
C5371,F,41,40대,M,Y,마포구,2015
C5372,M,22,20대,S,N,서대문구,2015
C5373,M,53,50대,S,N,서초구,2015
C5374,F,34,30대,S,N,광진구,2015
C5375,F,35,30대,M,N,마포구,2015
C5376,M,26,20대,S,N,마포구,2015
C5377,F,47,40대,M,Y,광진구,2015
C5378,M,58,50대,M,N,송파구,2015
C5379,F,61,60대,M,N,서초구,2015
C5380,F,20,20대,M,N,용산구,2015
C5381,F,21,20대,M,Y,용산구,2015
C5382,M,42,40대,M,N,송파구,2015
C5383,M,23,20대,M,N,송파구,2015
C5384,M,54,50대,M,N,용산구,2015
C5385,M,35,30대,S,N,송파구,2015
C5386,M,46,40대,M,Y,송파구,2015
C5387,F,37,30대,S,N,서초구,2015
C5388,M,38,30대,S,N,용산구,2015
C5389,M,29,20대,S,N,강남구,2015
C5390,M,20,20대,S,N,송파구,2015
C5391,M,41,40대,M,Y,송파구,2015
C5392,M,42,40대,M,N,양천구,2015
C5393,M,53,50대,M,Y,서대문구,2015
C5394,F,54,50대,M,N,서초구,2015
C5395,F,25,20대,M,Y,강남구,2015
C5396,F,56,50대,M,Y,강남구,2015
C5397,M,57,50대,S,N,송파구,2015
C5398,M,38,30대,S,N,서초구,2015
C5399,M,60,60대,S,N,서초구,2015
C5400,F,20,20대,M,N,마포구,2015
C5401,F,51,50대,M,N,관악구,2015
C5402,F,42,40대,S,N,강남구,2015
C5403,M,18,10대,S,N,양천구,2015
C5404,M,34,30대,S,N,마포구,2015
C5405,F,25,20대,M,Y,서대문구,2015
C5406,M,26,20대,S,N,강남구,2015
C5407,F,47,40대,M,Y,용산구,2015
C5408,M,28,20대,S,N,송파구,2015
C5409,M,63,60대,M,N,서대문구,2015
C5410,M,20,20대,M,Y,양천구,2015
C5411,M,21,20대,S,N,관악구,2015
C5412,F,42,40대,S,N,서대문구,2015
C5413,M,23,20대,S,N,관악구,2015
C5414,F,54,50대,M,Y,광진구,2015
C5415,M,35,30대,S,N,광진구,2015
C5416,F,46,40대,S,N,강남구,2015
C5417,F,27,20대,S,N,용산구,2015
C5418,F,28,20대,S,N,서초구,2015
C5419,M,29,20대,S,N,관악구,2015
C5420,F,20,20대,S,N,광진구,2015
C5421,F,41,40대,M,Y,용산구,2015
C5422,M,42,40대,M,Y,동작구,2015
C5423,M,33,30대,M,Y,동작구,2015
C5424,M,24,20대,S,N,서초구,2015
C5425,F,18,10대,S,N,양천구,2015
C5426,F,46,40대,M,N,강남구,2015
C5427,F,37,30대,S,N,용산구,2015
C5428,M,38,30대,M,Y,송파구,2015
C5429,M,62,60대,S,N,강남구,2015
C5430,F,30,30대,S,N,용산구,2015
C5431,M,41,40대,M,N,강남구,2015
C5432,F,32,30대,M,Y,동작구,2015
C5433,M,33,30대,S,N,강남구,2015
C5434,F,34,30대,M,Y,강남구,2015
C5435,F,35,30대,M,Y,서대문구,2015
C5436,F,46,40대,M,Y,마포구,2015
C5437,M,37,30대,S,N,송파구,2015
C5438,M,28,20대,M,Y,강남구,2015
C5439,M,39,30대,S,N,용산구,2015
C5440,F,50,50대,M,N,강남구,2015
C5441,M,21,20대,S,N,서초구,2015
C5442,M,52,50대,M,N,관악구,2015
C5443,F,43,40대,M,N,동작구,2015
C5444,M,24,20대,S,N,강남구,2015
C5445,F,35,30대,M,Y,강남구,2015
C5446,F,26,20대,M,Y,용산구,2015
C5447,M,57,50대,M,N,서초구,2015
C5448,F,38,30대,M,Y,용산구,2015
C5449,F,39,30대,M,Y,용산구,2015
C5450,M,20,20대,M,N,서대문구,2015
C5451,M,21,20대,S,N,서초구,2015
C5452,M,19,10대,S,N,관악구,2015
C5453,F,33,30대,M,Y,서대문구,2015
C5454,F,24,20대,M,N,용산구,2015
C5455,M,35,30대,M,N,동작구,2015
C5456,M,36,30대,M,Y,양천구,2015
C5457,F,57,50대,M,N,강남구,2015
C5458,F,38,30대,S,N,송파구,2015
C5459,F,59,50대,M,N,마포구,2015
C5460,M,50,50대,M,N,강남구,2015
C5461,F,31,30대,M,Y,강남구,2015
C5462,M,42,40대,M,N,강남구,2015
C5463,M,23,20대,S,N,광진구,2015
C5464,F,44,40대,M,Y,강남구,2015
C5465,F,55,50대,M,N,서대문구,2015
C5466,M,56,50대,S,N,광진구,2015
C5467,M,57,50대,M,N,양천구,2015
C5468,M,48,40대,M,Y,송파구,2015
C5469,F,29,20대,S,N,강남구,2015
C5470,F,30,30대,M,Y,서대문구,2015
C5471,F,51,50대,S,N,강남구,2015
C5472,F,42,40대,M,Y,서대문구,2015
C5473,M,23,20대,S,N,강남구,2015
C5474,F,24,20대,S,N,광진구,2015
C5475,F,35,30대,M,N,동작구,2015
C5476,M,26,20대,S,N,강남구,2015
C5477,F,27,20대,M,Y,광진구,2015
C5478,M,28,20대,S,N,용산구,2015
C5479,M,29,20대,M,N,강남구,2015
C5480,M,30,30대,M,Y,강남구,2015
C5481,F,19,10대,S,N,용산구,2015
C5482,M,22,20대,S,N,마포구,2015
C5483,M,43,40대,M,Y,강남구,2015
C5484,M,44,40대,M,Y,용산구,2015
C5485,F,25,20대,S,N,강남구,2015
C5486,F,26,20대,M,Y,양천구,2015
C5487,M,27,20대,S,N,마포구,2015
C5488,F,58,50대,M,N,강남구,2015
C5489,F,39,30대,M,N,서초구,2015
C5490,F,30,30대,M,Y,송파구,2015
C5491,M,51,50대,M,N,광진구,2015
C5492,F,22,20대,S,N,서대문구,2015
C5493,M,33,30대,M,N,강남구,2015
C5494,M,24,20대,S,N,서대문구,2015
C5495,M,25,20대,M,Y,마포구,2015
C5496,F,46,40대,M,N,송파구,2015
C5497,M,47,40대,M,Y,용산구,2015
C5498,F,28,20대,M,N,마포구,2015
C5499,M,59,50대,S,N,관악구,2015
C5500,M,40,40대,M,Y,마포구,2015
C5501,M,31,30대,S,N,서초구,2015
C5502,M,42,40대,S,N,강남구,2015
C5503,F,43,40대,M,N,동작구,2015
C5504,F,24,20대,S,N,강남구,2015
C5505,F,35,30대,M,Y,강남구,2015
C5506,F,36,30대,M,N,동작구,2015
C5507,M,27,20대,S,N,마포구,2015
C5508,M,48,40대,M,N,광진구,2015
C5509,F,39,30대,M,Y,송파구,2015
C5510,M,40,40대,M,N,광진구,2015
C5511,M,51,50대,M,N,광진구,2015
C5512,F,32,30대,M,Y,마포구,2015
C5513,F,33,30대,M,N,양천구,2015
C5514,M,34,30대,S,N,서대문구,2015
C5515,F,25,20대,S,N,강남구,2015
C5516,M,46,40대,S,N,동작구,2015
C5517,M,37,30대,S,N,서대문구,2015
C5518,F,48,40대,S,N,서초구,2015
C5519,M,61,60대,M,N,광진구,2015
C5520,F,50,50대,M,N,용산구,2015
C5521,M,21,20대,S,N,서대문구,2015
C5522,F,32,30대,M,N,양천구,2015
C5523,M,23,20대,S,N,서초구,2015
C5524,M,24,20대,S,N,광진구,2015
C5525,M,25,20대,S,N,양천구,2015
C5526,M,46,40대,M,N,양천구,2015
C5527,M,37,30대,M,Y,강남구,2015
C5528,F,38,30대,M,N,광진구,2015
C5529,M,39,30대,M,N,양천구,2015
C5530,M,40,40대,M,Y,마포구,2015
C5531,F,21,20대,M,Y,송파구,2015
C5532,M,32,30대,M,N,서대문구,2015
C5533,M,43,40대,S,N,서초구,2015
C5534,M,24,20대,M,Y,관악구,2015
C5535,M,55,50대,M,Y,송파구,2015
C5536,M,46,40대,M,N,강남구,2015
C5537,M,57,50대,S,N,송파구,2015
C5538,F,58,50대,M,N,서대문구,2015
C5539,F,39,30대,S,N,동작구,2015
C5540,F,50,50대,M,N,용산구,2015
C5541,F,51,50대,M,N,동작구,2015
C5542,F,52,50대,M,N,동작구,2015
C5543,F,23,20대,M,Y,광진구,2015
C5544,M,34,30대,S,N,동작구,2015
C5545,F,25,20대,M,Y,서대문구,2015
C5546,F,46,40대,S,N,강남구,2015
C5547,F,47,40대,M,Y,강남구,2015
C5548,M,38,30대,S,N,강남구,2015
C5549,F,59,50대,M,Y,동작구,2015
C5550,M,20,20대,S,N,강남구,2015
C5551,M,51,50대,M,Y,용산구,2015
C5552,F,52,50대,M,Y,동작구,2015
C5553,M,33,30대,M,Y,용산구,2015
C5554,M,24,20대,M,Y,용산구,2015
C5555,M,55,50대,M,N,서대문구,2015
C5556,F,46,40대,M,Y,동작구,2015
C5557,M,47,40대,M,N,광진구,2015
C5558,F,38,30대,M,N,용산구,2015
C5559,F,49,40대,M,Y,서대문구,2015
C5560,M,20,20대,S,N,강남구,2015
C5561,M,41,40대,M,Y,서대문구,2015
C5562,M,22,20대,M,N,광진구,2015
C5563,F,53,50대,S,N,관악구,2015
C5564,M,24,20대,M,N,용산구,2015
C5565,F,55,50대,M,Y,용산구,2015
C5566,M,46,40대,S,N,강남구,2015
C5567,M,27,20대,S,N,송파구,2015
C5568,F,58,50대,M,N,서초구,2015
C5569,M,49,40대,M,Y,서대문구,2015
C5570,M,20,20대,S,N,송파구,2015
C5571,M,51,50대,S,N,서대문구,2015
C5572,M,42,40대,M,Y,송파구,2015
C5573,M,53,50대,M,Y,강남구,2015
C5574,M,54,50대,M,N,서대문구,2015
C5575,M,55,50대,M,Y,강남구,2015
C5576,F,46,40대,M,N,용산구,2015
C5577,F,37,30대,M,N,관악구,2015
C5578,F,58,50대,M,N,양천구,2015
C5579,F,59,50대,S,N,광진구,2015
C5580,F,50,50대,M,Y,용산구,2015
C5581,M,31,30대,M,N,광진구,2015
C5582,F,32,30대,M,N,서대문구,2015
C5583,F,53,50대,M,N,용산구,2015
C5584,F,24,20대,M,Y,서대문구,2015
C5585,F,35,30대,S,N,마포구,2015
C5586,M,36,30대,M,Y,용산구,2015
C5587,F,37,30대,S,N,광진구,2015
C5588,F,28,20대,M,Y,강남구,2015
C5589,M,29,20대,S,N,광진구,2015
C5590,M,30,30대,S,N,강남구,2015
C5591,F,31,30대,S,N,송파구,2015
C5592,M,22,20대,S,N,마포구,2015
C5593,M,33,30대,M,N,용산구,2015
C5594,M,44,40대,M,Y,송파구,2015
C5595,M,35,30대,S,N,강남구,2015
C5596,F,56,50대,S,N,마포구,2015
C5597,F,47,40대,S,N,송파구,2015
C5598,M,48,40대,M,Y,양천구,2015
C5599,F,64,60대,M,N,용산구,2015
C5600,F,20,20대,M,N,용산구,2015
C5601,F,31,30대,M,Y,관악구,2015
C5602,M,22,20대,M,Y,강남구,2015
C5603,F,23,20대,M,Y,양천구,2015
C5604,M,54,50대,S,N,마포구,2015
C5605,F,45,40대,M,N,양천구,2015
C5606,M,46,40대,M,N,서대문구,2015
C5607,M,37,30대,M,Y,서대문구,2015
C5608,F,28,20대,S,N,서대문구,2015
C5609,F,29,20대,S,N,강남구,2015
C5610,F,50,50대,M,Y,용산구,2015
C5611,M,21,20대,S,N,관악구,2015
C5612,F,52,50대,M,Y,강남구,2015
C5613,F,53,50대,M,Y,서초구,2015
C5614,M,34,30대,M,Y,용산구,2015
C5615,M,45,40대,M,N,서대문구,2015
C5616,M,26,20대,M,Y,용산구,2015
C5617,F,57,50대,M,N,관악구,2015
C5618,F,28,20대,S,N,용산구,2015
C5619,F,29,20대,M,Y,강남구,2015
C5620,M,50,50대,M,N,용산구,2015
C5621,F,21,20대,S,N,서대문구,2015
C5622,F,32,30대,M,Y,양천구,2015
C5623,M,23,20대,M,N,송파구,2015
C5624,F,24,20대,M,Y,양천구,2015
C5625,F,55,50대,M,N,용산구,2015
C5626,M,56,50대,S,N,서대문구,2015
C5627,F,57,50대,M,Y,용산구,2015
C5628,F,28,20대,M,N,송파구,2015
C5629,M,59,50대,M,Y,용산구,2015
C5630,M,40,40대,M,Y,강남구,2015
C5631,M,21,20대,S,N,용산구,2015
C5632,F,22,20대,S,N,강남구,2015
C5633,F,43,40대,M,Y,용산구,2015
C5634,M,24,20대,S,N,광진구,2015
C5635,F,35,30대,S,N,강남구,2015
C5636,F,56,50대,M,Y,광진구,2015
C5637,F,18,10대,S,N,동작구,2015
C5638,F,38,30대,M,N,광진구,2015
C5639,M,59,50대,M,N,서대문구,2015
C5640,M,30,30대,M,Y,송파구,2015
C5641,M,41,40대,M,Y,서대문구,2015
C5642,F,32,30대,M,N,서초구,2015
C5643,M,43,40대,S,N,서대문구,2015
C5644,F,44,40대,M,N,동작구,2015
C5645,M,45,40대,M,N,용산구,2015
C5646,F,46,40대,M,Y,서초구,2015
C5647,M,47,40대,S,N,동작구,2015
C5648,M,38,30대,M,N,양천구,2015
C5649,F,65,60대,M,N,마포구,2015
C5650,F,50,50대,S,N,서대문구,2015
C5651,M,41,40대,M,Y,동작구,2015
C5652,F,32,30대,S,N,동작구,2015
C5653,M,23,20대,M,Y,용산구,2015
C5654,M,34,30대,M,N,서대문구,2015
C5655,M,35,30대,M,Y,강남구,2015
C5656,M,46,40대,M,N,광진구,2015
C5657,F,37,30대,M,Y,마포구,2015
C5658,F,58,50대,S,N,서초구,2015
C5659,F,61,60대,M,N,서초구,2015
C5660,M,20,20대,S,N,서대문구,2015
C5661,M,41,40대,M,Y,서대문구,2015
C5662,M,42,40대,M,N,동작구,2015
C5663,F,43,40대,M,Y,용산구,2015
C5664,M,24,20대,S,N,송파구,2015
C5665,M,55,50대,M,N,송파구,2015
C5666,M,46,40대,S,N,강남구,2015
C5667,M,37,30대,S,N,관악구,2015
C5668,M,48,40대,S,N,송파구,2015
C5669,M,49,40대,M,Y,용산구,2015
C5670,M,40,40대,M,N,강남구,2015
C5671,F,21,20대,M,N,송파구,2015
C5672,F,32,30대,M,Y,강남구,2015
C5673,M,23,20대,S,N,마포구,2015
C5674,F,24,20대,S,N,양천구,2015
C5675,M,55,50대,M,N,마포구,2015
C5676,M,46,40대,M,Y,서대문구,2015
C5677,F,37,30대,S,N,용산구,2015
C5678,F,38,30대,M,Y,동작구,2015
C5679,F,39,30대,M,Y,마포구,2015
C5680,M,30,30대,M,N,용산구,2015
C5681,F,21,20대,M,Y,송파구,2015
C5682,M,22,20대,S,N,용산구,2015
C5683,M,43,40대,M,Y,용산구,2015
C5684,F,54,50대,M,Y,광진구,2015
C5685,F,55,50대,M,N,마포구,2015
C5686,F,36,30대,M,Y,용산구,2015
C5687,M,37,30대,S,N,서초구,2015
C5688,F,58,50대,M,N,마포구,2015
C5689,M,39,30대,M,Y,동작구,2015
C5690,M,20,20대,M,N,강남구,2015
C5691,F,31,30대,M,Y,용산구,2015
C5692,F,32,30대,M,Y,강남구,2015
C5693,M,53,50대,M,Y,동작구,2015
C5694,F,44,40대,M,Y,마포구,2015
C5695,F,55,50대,M,N,강남구,2015
C5696,F,36,30대,M,Y,용산구,2015
C5697,M,37,30대,S,N,서초구,2015
C5698,F,48,40대,M,Y,강남구,2015
C5699,F,66,60대,S,N,송파구,2015
C5700,M,30,30대,S,N,강남구,2015
C5701,F,51,50대,S,N,용산구,2015
C5702,M,32,30대,M,N,서초구,2015
C5703,M,23,20대,S,N,광진구,2015
C5704,M,24,20대,M,Y,용산구,2015
C5705,F,45,40대,M,N,마포구,2015
C5706,M,26,20대,S,N,강남구,2015
C5707,M,37,30대,M,Y,동작구,2015
C5708,F,28,20대,S,N,동작구,2015
C5709,M,29,20대,S,N,송파구,2015
C5710,M,20,20대,M,N,서대문구,2015
C5711,F,31,30대,M,Y,강남구,2015
C5712,M,52,50대,M,N,서대문구,2015
C5713,M,43,40대,M,Y,광진구,2015
C5714,F,24,20대,M,N,관악구,2015
C5715,F,35,30대,M,Y,서초구,2015
C5716,F,56,50대,M,Y,마포구,2015
C5717,F,47,40대,M,N,양천구,2015
C5718,M,38,30대,M,Y,동작구,2015
C5719,M,59,50대,M,Y,서대문구,2015
C5720,F,20,20대,S,N,서대문구,2015
C5721,M,41,40대,M,Y,마포구,2015
C5722,M,19,10대,S,N,마포구,2015
C5723,M,43,40대,M,Y,송파구,2015
C5724,F,34,30대,S,Y,관악구,2015
C5725,F,35,30대,M,Y,송파구,2015
C5726,F,56,50대,M,N,양천구,2015
C5727,M,47,40대,M,Y,서대문구,2015
C5728,M,48,40대,M,Y,마포구,2015
C5729,M,39,30대,M,Y,마포구,2015
C5730,F,30,30대,M,N,용산구,2015
C5731,M,51,50대,S,N,관악구,2015
C5732,M,52,50대,S,N,강남구,2015
C5733,M,53,50대,M,N,용산구,2015
C5734,F,24,20대,M,Y,송파구,2015
C5735,F,55,50대,M,N,서초구,2015
C5736,F,36,30대,M,Y,용산구,2015
C5737,F,27,20대,S,N,광진구,2015
C5738,F,38,30대,M,N,광진구,2015
C5739,M,29,20대,S,N,양천구,2015
C5740,M,40,40대,M,Y,용산구,2015
C5741,M,21,20대,S,N,송파구,2015
C5742,F,22,20대,M,N,관악구,2015
C5743,M,43,40대,M,Y,용산구,2015
C5744,F,24,20대,S,N,용산구,2015
C5745,F,35,30대,M,Y,용산구,2015
C5746,F,26,20대,S,N,광진구,2015
C5747,M,37,30대,M,N,강남구,2015
C5748,M,28,20대,M,Y,동작구,2015
C5749,F,60,60대,S,N,용산구,2015
C5750,F,20,20대,M,N,마포구,2015
C5751,M,21,20대,M,N,마포구,2015
C5752,M,22,20대,M,N,용산구,2015
C5753,F,23,20대,M,N,양천구,2015
C5754,M,34,30대,S,N,광진구,2015
C5755,F,25,20대,S,N,양천구,2015
C5756,M,46,40대,M,N,서대문구,2015
C5757,F,37,30대,M,N,강남구,2015
C5758,F,28,20대,S,N,서대문구,2015
C5759,M,63,60대,S,N,용산구,2015
C5760,M,20,20대,M,N,용산구,2015
C5761,F,21,20대,S,N,양천구,2015
C5762,M,22,20대,S,N,용산구,2015
C5763,M,33,30대,M,N,강남구,2015
C5764,F,34,30대,M,N,송파구,2015
C5765,M,35,30대,S,N,용산구,2015
C5766,F,36,30대,M,Y,동작구,2015
C5767,M,47,40대,M,Y,서대문구,2015
C5768,F,48,40대,M,Y,용산구,2015
C5769,M,66,60대,S,N,송파구,2015
C5770,M,20,20대,S,N,강남구,2015
C5771,M,21,20대,M,N,광진구,2015
C5772,F,32,30대,M,Y,송파구,2015
C5773,M,33,30대,M,N,양천구,2015
C5774,M,44,40대,M,N,용산구,2015
C5775,F,35,30대,S,N,서초구,2015
C5776,M,36,30대,S,N,관악구,2015
C5777,F,47,40대,S,N,양천구,2015
C5778,F,28,20대,M,Y,관악구,2015
C5779,M,19,10대,S,N,양천구,2015
C5780,M,40,40대,M,N,강남구,2015
C5781,F,41,40대,M,Y,서대문구,2015
C5782,M,22,20대,M,Y,송파구,2015
C5783,M,43,40대,M,Y,용산구,2015
C5784,F,44,40대,M,Y,강남구,2015
C5785,M,25,20대,S,N,용산구,2015
C5786,M,26,20대,M,Y,마포구,2015
C5787,M,47,40대,S,N,강남구,2015
C5788,F,38,30대,S,N,강남구,2015
C5789,M,39,30대,S,N,마포구,2015
C5790,F,20,20대,S,N,강남구,2015
C5791,M,51,50대,M,N,서초구,2015
C5792,M,42,40대,M,Y,용산구,2015
C5793,M,33,30대,M,N,서초구,2015
C5794,M,44,40대,M,N,서대문구,2015
C5795,F,35,30대,M,N,양천구,2015
C5796,M,56,50대,M,N,강남구,2015
C5797,F,27,20대,S,N,서대문구,2015
C5798,F,38,30대,M,N,강남구,2015
C5799,F,61,60대,S,N,용산구,2015
C5800,M,20,20대,M,N,송파구,2015
C5801,M,31,30대,S,N,서대문구,2015
C5802,M,22,20대,S,N,양천구,2015
C5803,F,23,20대,S,N,광진구,2015
C5804,F,24,20대,M,N,마포구,2015
C5805,M,35,30대,M,N,용산구,2015
C5806,F,46,40대,M,Y,송파구,2015
C5807,F,37,30대,S,N,서대문구,2015
C5808,F,58,50대,M,N,서초구,2015
C5809,F,39,30대,M,Y,마포구,2015
C5810,M,20,20대,M,N,강남구,2015
C5811,M,21,20대,M,N,동작구,2015
C5812,M,22,20대,S,N,강남구,2015
C5813,F,33,30대,S,N,관악구,2015
C5814,M,34,30대,M,Y,관악구,2015
C5815,F,45,40대,M,N,서대문구,2015
C5816,M,26,20대,M,Y,마포구,2015
C5817,F,47,40대,M,N,강남구,2015
C5818,F,28,20대,S,N,송파구,2015
C5819,F,59,50대,M,N,용산구,2015
C5820,F,30,30대,M,Y,용산구,2015
C5821,M,21,20대,M,Y,용산구,2015
C5822,M,22,20대,S,N,마포구,2015
C5823,M,23,20대,M,Y,용산구,2015
C5824,F,34,30대,M,Y,송파구,2015
C5825,F,55,50대,S,N,송파구,2015
C5826,M,46,40대,S,N,강남구,2015
C5827,F,37,30대,S,N,양천구,2015
C5828,M,38,30대,S,N,송파구,2015
C5829,M,49,40대,M,Y,서초구,2015
C5830,M,30,30대,M,Y,광진구,2015
C5831,M,41,40대,M,Y,용산구,2015
C5832,M,22,20대,M,Y,마포구,2015
C5833,M,23,20대,S,N,강남구,2015
C5834,F,24,20대,M,Y,용산구,2015
C5835,M,35,30대,M,Y,용산구,2015
C5836,F,46,40대,M,N,강남구,2015
C5837,F,57,50대,M,N,서초구,2015
C5838,M,48,40대,M,Y,용산구,2015
C5839,M,39,30대,S,N,광진구,2015
C5840,F,20,20대,M,N,광진구,2015
C5841,F,51,50대,S,N,강남구,2015
C5842,M,52,50대,M,Y,서대문구,2015
C5843,F,23,20대,M,N,광진구,2015
C5844,M,24,20대,S,N,서대문구,2015
C5845,F,45,40대,M,Y,양천구,2015
C5846,F,26,20대,S,N,동작구,2015
C5847,F,27,20대,M,Y,관악구,2015
C5848,F,38,30대,S,N,마포구,2015
C5849,M,62,60대,M,N,강남구,2015
C5850,M,20,20대,S,N,서초구,2015
C5851,M,21,20대,S,N,강남구,2015
C5852,F,42,40대,M,N,마포구,2015
C5853,F,53,50대,M,Y,용산구,2015
C5854,M,54,50대,M,N,송파구,2015
C5855,M,55,50대,M,N,용산구,2015
C5856,F,46,40대,M,Y,서초구,2015
C5857,F,47,40대,S,N,강남구,2015
C5858,M,28,20대,M,Y,광진구,2015
C5859,F,59,50대,S,N,광진구,2015
C5860,M,40,40대,M,Y,광진구,2015
C5861,F,21,20대,S,N,강남구,2015
C5862,M,42,40대,M,N,강남구,2015
C5863,M,23,20대,S,N,광진구,2015
C5864,M,24,20대,M,N,양천구,2015
C5865,F,55,50대,M,N,강남구,2015
C5866,M,46,40대,M,N,서대문구,2015
C5867,M,37,30대,S,N,송파구,2015
C5868,M,48,40대,M,N,서초구,2015
C5869,M,61,60대,S,N,광진구,2015
C5870,M,40,40대,M,Y,송파구,2015
C5871,M,51,50대,M,N,서대문구,2015
C5872,M,42,40대,M,N,서초구,2015
C5873,F,23,20대,S,N,송파구,2015
C5874,M,34,30대,M,N,양천구,2015
C5875,F,45,40대,M,N,마포구,2015
C5876,M,36,30대,S,N,마포구,2015
C5877,F,47,40대,M,Y,서대문구,2015
C5878,F,38,30대,S,N,송파구,2015
C5879,M,59,50대,M,N,용산구,2015
C5880,F,20,20대,M,N,용산구,2015
C5881,F,31,30대,S,N,강남구,2015
C5882,F,52,50대,M,Y,송파구,2015
C5883,M,53,50대,S,N,용산구,2015
C5884,F,24,20대,S,N,서대문구,2015
C5885,M,45,40대,M,Y,동작구,2015
C5886,M,46,40대,M,Y,광진구,2015
C5887,F,37,30대,S,N,광진구,2015
C5888,M,38,30대,M,N,용산구,2015
C5889,M,60,60대,S,N,강남구,2015
C5890,M,30,30대,M,Y,광진구,2015
C5891,F,41,40대,M,Y,관악구,2015
C5892,M,32,30대,M,Y,강남구,2015
C5893,M,33,30대,M,Y,양천구,2015
C5894,F,44,40대,S,N,마포구,2015
C5895,M,45,40대,M,N,용산구,2015
C5896,F,46,40대,S,N,서대문구,2015
C5897,M,57,50대,M,Y,양천구,2015
C5898,M,28,20대,M,Y,용산구,2015
C5899,M,39,30대,M,N,강남구,2015
C5900,M,20,20대,M,N,용산구,2015
C5901,F,41,40대,M,Y,용산구,2015
C5902,F,22,20대,M,N,송파구,2015
C5903,M,23,20대,S,N,동작구,2015
C5904,M,54,50대,M,N,양천구,2015
C5905,F,45,40대,M,Y,양천구,2015
C5906,F,46,40대,M,N,용산구,2015
C5907,F,18,10대,S,N,강남구,2015
C5908,M,28,20대,M,Y,서대문구,2015
C5909,F,49,40대,S,N,동작구,2015
C5910,F,20,20대,M,Y,서대문구,2015
C5911,M,21,20대,M,N,서대문구,2015
C5912,F,42,40대,S,N,용산구,2015
C5913,M,23,20대,S,N,강남구,2015
C5914,M,24,20대,S,N,용산구,2015
C5915,M,45,40대,M,N,광진구,2015
C5916,F,46,40대,M,Y,관악구,2015
C5917,M,47,40대,M,Y,송파구,2015
C5918,M,48,40대,M,Y,마포구,2015
C5919,M,62,60대,M,N,동작구,2015
C5920,F,20,20대,S,N,용산구,2015
C5921,M,21,20대,M,N,용산구,2015
C5922,F,22,20대,M,Y,마포구,2015
C5923,F,43,40대,M,Y,강남구,2015
C5924,M,18,10대,S,N,광진구,2015
C5925,F,55,50대,M,Y,강남구,2015
C5926,M,56,50대,M,Y,용산구,2015
C5927,M,47,40대,M,N,양천구,2015
C5928,M,58,50대,M,Y,송파구,2015
C5929,F,65,60대,M,N,관악구,2015
C5930,M,20,20대,M,N,서대문구,2015
C5931,F,21,20대,S,N,관악구,2015
C5932,F,22,20대,S,N,관악구,2015
C5933,M,23,20대,S,N,송파구,2015
C5934,F,34,30대,M,Y,서초구,2015
C5935,F,25,20대,M,N,광진구,2015
C5936,M,46,40대,S,N,관악구,2015
C5937,F,47,40대,M,Y,서대문구,2015
C5938,M,38,30대,M,N,용산구,2015
C5939,M,61,60대,M,N,강남구,2015
C5940,F,20,20대,M,N,서대문구,2015
C5941,M,51,50대,S,N,강남구,2015
C5942,M,32,30대,M,Y,강남구,2015
C5943,M,23,20대,M,Y,양천구,2015
C5944,M,54,50대,M,Y,용산구,2015
C5945,F,25,20대,M,Y,용산구,2015
C5946,F,46,40대,S,N,용산구,2015
C5947,F,47,40대,M,Y,마포구,2015
C5948,M,38,30대,S,N,강남구,2015
C5949,M,29,20대,M,N,서초구,2015
C5950,M,30,30대,M,Y,송파구,2015
C5951,F,21,20대,M,N,강남구,2015
C5952,M,52,50대,M,Y,관악구,2015
C5953,F,23,20대,S,N,서초구,2015
C5954,M,24,20대,M,Y,서초구,2015
C5955,M,45,40대,S,N,서대문구,2015
C5956,M,26,20대,M,Y,마포구,2015
C5957,F,57,50대,M,N,마포구,2015
C5958,M,38,30대,S,N,관악구,2015
C5959,F,60,60대,S,N,양천구,2015
C5960,F,50,50대,M,N,마포구,2015
C5961,M,41,40대,M,N,강남구,2015
C5962,F,22,20대,M,Y,강남구,2015
C5963,M,23,20대,S,N,강남구,2015
C5964,F,34,30대,S,N,강남구,2015
C5965,F,55,50대,M,N,강남구,2015
C5966,F,36,30대,M,Y,관악구,2015
C5967,M,37,30대,M,Y,관악구,2015
C5968,M,38,30대,M,N,서대문구,2015
C5969,F,63,60대,S,N,광진구,2015
C5970,M,30,30대,S,N,용산구,2015
C5971,F,51,50대,M,N,동작구,2015
C5972,F,42,40대,M,Y,강남구,2015
C5973,M,33,30대,M,Y,서대문구,2015
C5974,M,24,20대,S,N,관악구,2015
C5975,M,35,30대,S,N,관악구,2015
C5976,M,26,20대,S,N,강남구,2015
C5977,M,27,20대,M,Y,강남구,2015
C5978,F,28,20대,M,N,서대문구,2015
C5979,F,29,20대,M,Y,마포구,2015
C5980,F,30,30대,M,Y,용산구,2015
C5981,F,21,20대,S,N,강남구,2015
C5982,M,19,10대,S,N,용산구,2015
C5983,F,33,30대,M,Y,서초구,2015
C5984,F,24,20대,M,Y,송파구,2015
C5985,F,35,30대,S,N,서대문구,2015
C5986,F,36,30대,M,N,서대문구,2015
C5987,F,37,30대,S,N,서대문구,2015
C5988,F,48,40대,M,Y,양천구,2015
C5989,F,59,50대,M,N,강남구,2015
C5990,M,20,20대,M,Y,강남구,2015
C5991,F,21,20대,M,Y,강남구,2015
C5992,F,32,30대,M,N,마포구,2015
C5993,M,43,40대,M,N,마포구,2015
C5994,F,44,40대,M,Y,강남구,2015
C5995,M,35,30대,S,N,관악구,2015
C5996,M,56,50대,M,N,용산구,2015
C5997,M,57,50대,S,N,서대문구,2015
C5998,M,28,20대,S,N,강남구,2015
C5999,F,65,60대,M,N,광진구,2015
C6000,F,30,30대,S,Y,강남구,2015
C6001,F,21,20대,M,N,서초구,2015
C6002,M,42,40대,M,Y,마포구,2015
C6003,M,23,20대,M,N,서대문구,2015
C6004,F,24,20대,S,N,강남구,2015
C6005,M,35,30대,M,Y,양천구,2015
C6006,F,56,50대,S,N,광진구,2015
C6007,M,27,20대,M,Y,강남구,2015
C6008,M,48,40대,M,Y,서대문구,2015
C6009,M,49,40대,M,N,서대문구,2015
C6010,F,20,20대,M,Y,서대문구,2015
C6011,M,21,20대,M,N,서대문구,2015
C6012,M,32,30대,M,Y,용산구,2015
C6013,F,43,40대,M,Y,동작구,2015
C6014,F,24,20대,S,N,동작구,2015
C6015,M,55,50대,M,Y,송파구,2015
C6016,M,26,20대,M,Y,서대문구,2015
C6017,F,37,30대,M,N,강남구,2015
C6018,F,38,30대,M,Y,동작구,2015
C6019,M,64,60대,S,N,서대문구,2015
C6020,F,30,30대,S,N,용산구,2015
C6021,M,31,30대,S,N,용산구,2015
C6022,F,22,20대,S,N,양천구,2015
C6023,M,53,50대,S,N,광진구,2016
C6024,M,24,20대,S,N,서대문구,2016
C6025,M,18,10대,S,N,송파구,2016
C6026,M,46,40대,S,N,관악구,2016
C6027,M,57,50대,M,Y,관악구,2016
C6028,M,38,30대,M,N,강남구,2016
C6029,F,49,40대,S,Y,강남구,2016
C6030,F,20,20대,M,Y,서대문구,2016
C6031,M,41,40대,M,Y,강남구,2016
C6032,F,22,20대,S,N,강남구,2016
C6033,M,23,20대,M,N,강남구,2016
C6034,F,24,20대,S,N,양천구,2016
C6035,M,45,40대,M,N,서대문구,2016
C6036,M,36,30대,S,N,강남구,2016
C6037,M,57,50대,M,N,강남구,2016
C6038,M,38,30대,S,N,동작구,2016
C6039,F,39,30대,M,Y,동작구,2016
C6040,M,18,10대,S,N,용산구,2016
C6041,M,41,40대,M,Y,서초구,2016
C6042,M,52,50대,M,N,마포구,2016
C6043,M,43,40대,S,N,강남구,2016
C6044,F,34,30대,M,Y,용산구,2016
C6045,M,25,20대,M,Y,서대문구,2016
C6046,M,46,40대,S,N,강남구,2016
C6047,F,27,20대,M,Y,관악구,2016
C6048,M,28,20대,M,Y,용산구,2016
C6049,F,59,50대,M,N,용산구,2016
C6050,F,50,50대,M,N,광진구,2016
C6051,M,31,30대,M,Y,서초구,2016
C6052,M,42,40대,S,N,양천구,2016
C6053,F,23,20대,S,N,용산구,2016
C6054,M,44,40대,M,Y,용산구,2016
C6055,M,35,30대,M,N,서대문구,2016
C6056,F,56,50대,M,N,송파구,2016
C6057,M,37,30대,S,N,용산구,2016
C6058,F,38,30대,M,N,강남구,2016
C6059,M,39,30대,M,Y,동작구,2016
C6060,F,50,50대,M,N,송파구,2016
C6061,F,21,20대,M,N,광진구,2016
C6062,M,22,20대,S,N,용산구,2016
C6063,M,43,40대,M,N,서초구,2016
C6064,F,24,20대,M,N,용산구,2016
C6065,M,25,20대,M,N,동작구,2016
C6066,F,46,40대,M,Y,강남구,2016
C6067,M,57,50대,M,Y,강남구,2016
C6068,F,58,50대,M,N,서대문구,2016
C6069,F,59,50대,M,Y,송파구,2016
C6070,M,20,20대,S,N,광진구,2016
C6071,M,21,20대,S,N,강남구,2016
C6072,F,42,40대,M,Y,양천구,2016
C6073,M,33,30대,M,Y,서초구,2016
C6074,M,34,30대,M,Y,송파구,2016
C6075,F,35,30대,S,N,강남구,2016
C6076,F,26,20대,M,Y,양천구,2016
C6077,F,47,40대,M,Y,강남구,2016
C6078,M,38,30대,M,Y,강남구,2016
C6079,F,39,30대,M,Y,서대문구,2016
C6080,F,20,20대,S,N,서대문구,2016
C6081,F,21,20대,M,N,광진구,2016
C6082,M,22,20대,S,N,용산구,2016
C6083,F,33,30대,S,N,용산구,2016
C6084,M,34,30대,M,Y,서대문구,2016
C6085,F,45,40대,M,Y,강남구,2016
C6086,F,46,40대,S,N,강남구,2016
C6087,M,27,20대,S,N,동작구,2016
C6088,F,38,30대,M,Y,강남구,2016
C6089,M,49,40대,M,Y,양천구,2016
C6090,F,40,40대,M,Y,강남구,2016
C6091,M,21,20대,S,N,동작구,2016
C6092,F,22,20대,M,N,광진구,2016
C6093,M,23,20대,S,N,서초구,2016
C6094,F,54,50대,M,N,광진구,2016
C6095,F,35,30대,M,Y,양천구,2016
C6096,F,46,40대,M,N,서대문구,2016
C6097,F,37,30대,M,Y,송파구,2016
C6098,M,38,30대,S,N,마포구,2016
C6099,F,60,60대,S,N,송파구,2016
C6100,F,20,20대,M,Y,강남구,2016
C6101,M,41,40대,M,N,용산구,2016
C6102,F,22,20대,S,N,광진구,2016
C6103,F,23,20대,S,N,관악구,2016
C6104,F,24,20대,M,Y,용산구,2016
C6105,M,25,20대,S,N,관악구,2016
C6106,F,36,30대,M,Y,송파구,2016
C6107,M,27,20대,S,N,관악구,2016
C6108,F,38,30대,M,Y,용산구,2016
C6109,F,63,60대,S,N,송파구,2016
C6110,F,20,20대,S,N,동작구,2016
C6111,M,21,20대,M,Y,서대문구,2016
C6112,F,32,30대,M,N,용산구,2016
C6113,F,33,30대,M,N,광진구,2016
C6114,F,34,30대,S,N,광진구,2016
C6115,F,45,40대,M,N,강남구,2016
C6116,M,19,10대,S,N,관악구,2016
C6117,M,27,20대,M,Y,양천구,2016
C6118,F,28,20대,S,N,서대문구,2016
C6119,F,66,60대,S,N,마포구,2016
C6120,M,50,50대,M,N,관악구,2016
C6121,M,41,40대,M,Y,서대문구,2016
C6122,F,32,30대,M,Y,광진구,2016
C6123,F,53,50대,M,Y,마포구,2016
C6124,M,24,20대,M,N,용산구,2016
C6125,F,45,40대,M,Y,광진구,2016
C6126,F,26,20대,M,N,광진구,2016
C6127,M,27,20대,M,Y,광진구,2016
C6128,M,18,10대,S,N,용산구,2016
C6129,F,39,30대,M,Y,강남구,2016
C6130,F,30,30대,M,N,마포구,2016
C6131,M,41,40대,M,Y,용산구,2016
C6132,F,42,40대,M,N,마포구,2016
C6133,F,43,40대,M,Y,마포구,2016
C6134,M,34,30대,S,N,광진구,2016
C6135,M,35,30대,M,N,용산구,2016
C6136,M,46,40대,M,Y,서대문구,2016
C6137,F,37,30대,M,Y,양천구,2016
C6138,F,58,50대,S,N,용산구,2016
C6139,M,49,40대,S,N,송파구,2016
C6140,F,20,20대,M,Y,관악구,2016
C6141,F,31,30대,M,Y,동작구,2016
C6142,M,32,30대,M,Y,용산구,2016
C6143,F,23,20대,S,N,서초구,2016
C6144,M,54,50대,M,N,강남구,2016
C6145,F,55,50대,M,Y,강남구,2016
C6146,F,36,30대,M,Y,용산구,2016
C6147,F,47,40대,M,N,양천구,2016
C6148,M,38,30대,S,N,관악구,2016
C6149,M,59,50대,M,Y,서대문구,2016
C6150,M,30,30대,S,N,마포구,2016
C6151,M,51,50대,M,N,양천구,2016
C6152,F,52,50대,M,Y,강남구,2016
C6153,M,23,20대,S,N,동작구,2016
C6154,F,34,30대,M,N,용산구,2016
C6155,M,35,30대,S,N,용산구,2016
C6156,M,46,40대,S,N,마포구,2016
C6157,M,37,30대,M,N,광진구,2016
C6158,F,48,40대,M,Y,서대문구,2016
C6159,M,59,50대,S,N,관악구,2016
C6160,M,20,20대,M,N,강남구,2016
C6161,M,21,20대,S,N,양천구,2016
C6162,M,32,30대,S,N,동작구,2016
C6163,M,53,50대,S,N,용산구,2016
C6164,M,24,20대,S,N,관악구,2016
C6165,F,45,40대,M,Y,서대문구,2016
C6166,F,36,30대,M,Y,서대문구,2016
C6167,F,37,30대,M,N,강남구,2016
C6168,F,38,30대,S,N,광진구,2016
C6169,M,60,60대,S,N,서대문구,2016
C6170,F,40,40대,M,N,양천구,2016
C6171,M,41,40대,S,N,양천구,2016
C6172,F,22,20대,M,Y,서초구,2016
C6173,F,23,20대,S,N,송파구,2016
C6174,M,24,20대,S,N,서대문구,2016
C6175,M,55,50대,M,N,양천구,2016
C6176,M,46,40대,M,N,광진구,2016
C6177,F,47,40대,M,Y,강남구,2016
C6178,M,28,20대,M,Y,서초구,2016
C6179,F,29,20대,S,N,서초구,2016
C6180,F,20,20대,M,N,광진구,2016
C6181,F,31,30대,M,Y,송파구,2016
C6182,M,42,40대,M,Y,용산구,2016
C6183,M,53,50대,M,Y,용산구,2016
C6184,M,24,20대,M,Y,서대문구,2016
C6185,M,35,30대,M,Y,강남구,2016
C6186,M,56,50대,M,N,용산구,2016
C6187,F,37,30대,M,Y,강남구,2016
C6188,F,48,40대,M,Y,서초구,2016
C6189,F,49,40대,M,N,서초구,2016
C6190,F,40,40대,M,N,송파구,2016
C6191,M,21,20대,S,N,서대문구,2016
C6192,M,32,30대,S,N,강남구,2016
C6193,F,43,40대,M,Y,강남구,2016
C6194,F,24,20대,M,Y,송파구,2016
C6195,F,55,50대,M,Y,동작구,2016
C6196,M,56,50대,S,N,양천구,2016
C6197,M,37,30대,M,N,마포구,2016
C6198,M,38,30대,M,N,동작구,2016
C6199,F,29,20대,M,N,강남구,2016
C6200,M,20,20대,S,N,강남구,2016
C6201,F,31,30대,S,N,강남구,2016
C6202,F,42,40대,M,N,송파구,2016
C6203,M,43,40대,S,N,서대문구,2016
C6204,M,24,20대,S,N,관악구,2016
C6205,F,35,30대,S,N,광진구,2016
C6206,M,46,40대,M,Y,마포구,2016
C6207,M,37,30대,M,Y,관악구,2016
C6208,F,58,50대,M,Y,광진구,2016
C6209,M,39,30대,M,Y,강남구,2016
C6210,M,40,40대,M,N,동작구,2016
C6211,M,21,20대,M,N,양천구,2016
C6212,F,22,20대,M,N,양천구,2016
C6213,F,43,40대,M,Y,광진구,2016
C6214,M,24,20대,M,Y,서초구,2016
C6215,F,55,50대,M,N,동작구,2016
C6216,M,26,20대,S,N,송파구,2016
C6217,M,47,40대,S,N,마포구,2016
C6218,F,28,20대,M,Y,양천구,2016
C6219,F,61,60대,M,N,강남구,2016
C6220,M,50,50대,M,Y,송파구,2016
C6221,M,51,50대,S,N,강남구,2016
C6222,F,42,40대,M,Y,강남구,2016
C6223,F,23,20대,M,N,마포구,2016
C6224,F,34,30대,S,N,송파구,2016
C6225,F,35,30대,S,N,서초구,2016
C6226,F,46,40대,M,N,동작구,2016
C6227,F,37,30대,S,N,송파구,2016
C6228,F,48,40대,M,Y,용산구,2016
C6229,M,49,40대,M,Y,서대문구,2016
C6230,M,20,20대,M,Y,서대문구,2016
C6231,F,21,20대,S,N,용산구,2016
C6232,M,42,40대,M,N,관악구,2016
C6233,M,23,20대,S,N,마포구,2016
C6234,F,24,20대,M,N,강남구,2016
C6235,M,45,40대,S,N,마포구,2016
C6236,F,36,30대,M,Y,강남구,2016
C6237,F,37,30대,M,N,양천구,2016
C6238,M,28,20대,M,Y,서대문구,2016
C6239,M,29,20대,M,Y,강남구,2016
C6240,M,50,50대,M,Y,서대문구,2016
C6241,M,31,30대,S,N,동작구,2016
C6242,M,22,20대,M,Y,양천구,2016
C6243,F,53,50대,M,Y,서대문구,2016
C6244,M,24,20대,S,N,강남구,2016
C6245,M,35,30대,M,N,용산구,2016
C6246,F,46,40대,M,Y,서초구,2016
C6247,F,37,30대,S,N,양천구,2016
C6248,F,38,30대,M,N,서대문구,2016
C6249,F,49,40대,M,N,양천구,2016
C6250,M,20,20대,S,N,관악구,2016
C6251,M,21,20대,M,N,양천구,2016
C6252,F,42,40대,M,Y,서대문구,2016
C6253,F,43,40대,M,N,용산구,2016
C6254,M,44,40대,M,Y,용산구,2016
C6255,F,25,20대,M,Y,강남구,2016
C6256,F,26,20대,M,N,용산구,2016
C6257,M,37,30대,M,Y,강남구,2016
C6258,M,38,30대,S,N,양천구,2016
C6259,F,49,40대,S,N,양천구,2016
C6260,F,20,20대,M,Y,용산구,2016
C6261,F,51,50대,S,N,마포구,2016
C6262,M,32,30대,M,Y,마포구,2016
C6263,F,33,30대,S,N,강남구,2016
C6264,M,24,20대,S,N,강남구,2016
C6265,F,35,30대,M,N,서초구,2016
C6266,M,46,40대,S,N,광진구,2016
C6267,F,37,30대,M,N,송파구,2016
C6268,M,38,30대,M,N,용산구,2016
C6269,M,59,50대,M,N,용산구,2016
C6270,F,20,20대,S,N,광진구,2016
C6271,F,21,20대,M,Y,송파구,2016
C6272,M,22,20대,M,Y,서대문구,2016
C6273,M,23,20대,S,N,용산구,2016
C6274,F,34,30대,M,Y,관악구,2016
C6275,F,45,40대,M,Y,서초구,2016
C6276,M,36,30대,M,Y,용산구,2016
C6277,M,47,40대,M,N,용산구,2016
C6278,F,58,50대,M,N,서초구,2016
C6279,F,59,50대,M,Y,송파구,2016
C6280,F,20,20대,S,N,강남구,2016
C6281,M,31,30대,M,N,서대문구,2016
C6282,F,22,20대,M,N,송파구,2016
C6283,M,23,20대,M,Y,강남구,2016
C6284,F,44,40대,M,N,강남구,2016
C6285,F,55,50대,M,N,동작구,2016
C6286,F,46,40대,M,N,강남구,2016
C6287,F,27,20대,M,Y,마포구,2016
C6288,M,28,20대,M,Y,서대문구,2016
C6289,F,59,50대,M,N,송파구,2016
C6290,M,20,20대,S,N,마포구,2016
C6291,F,41,40대,M,Y,서초구,2016
C6292,F,42,40대,M,N,마포구,2016
C6293,F,33,30대,S,Y,서대문구,2016
C6294,F,54,50대,M,Y,동작구,2016
C6295,F,55,50대,S,N,서초구,2016
C6296,F,56,50대,M,Y,광진구,2016
C6297,M,37,30대,M,Y,마포구,2016
C6298,M,58,50대,M,Y,용산구,2016
C6299,F,49,40대,M,Y,관악구,2016
C6300,F,20,20대,M,N,송파구,2016
C6301,M,21,20대,M,Y,용산구,2016
C6302,M,22,20대,M,N,강남구,2016
C6303,M,53,50대,S,N,광진구,2016
C6304,F,44,40대,M,Y,강남구,2016
C6305,M,35,30대,S,N,서대문구,2016
C6306,F,36,30대,S,N,송파구,2016
C6307,F,27,20대,M,Y,용산구,2016
C6308,M,38,30대,S,N,강남구,2016
C6309,M,29,20대,M,Y,서초구,2016
C6310,F,20,20대,S,N,강남구,2016
C6311,F,21,20대,S,N,강남구,2016
C6312,M,42,40대,M,Y,관악구,2016
C6313,F,53,50대,S,N,강남구,2016
C6314,M,24,20대,M,N,용산구,2016
C6315,F,25,20대,S,N,양천구,2016
C6316,F,46,40대,S,N,동작구,2016
C6317,M,57,50대,M,N,용산구,2016
C6318,M,48,40대,S,Y,광진구,2016
C6319,M,19,10대,S,N,관악구,2016
C6320,M,30,30대,S,N,양천구,2016
C6321,F,21,20대,M,N,서대문구,2016
C6322,M,22,20대,M,N,마포구,2016
C6323,M,43,40대,M,N,강남구,2016
C6324,F,44,40대,M,N,양천구,2016
C6325,F,35,30대,M,Y,강남구,2016
C6326,M,26,20대,M,Y,서대문구,2016
C6327,M,37,30대,M,N,강남구,2016
C6328,F,38,30대,S,N,송파구,2016
C6329,M,59,50대,M,N,서대문구,2016
C6330,F,20,20대,S,N,광진구,2016
C6331,F,51,50대,M,N,서대문구,2016
C6332,F,32,30대,M,Y,강남구,2016
C6333,M,33,30대,M,N,송파구,2016
C6334,F,54,50대,M,N,마포구,2016
C6335,F,35,30대,S,N,광진구,2016
C6336,F,46,40대,S,N,광진구,2016
C6337,F,47,40대,M,Y,송파구,2016
C6338,F,38,30대,S,N,관악구,2016
C6339,F,49,40대,S,N,마포구,2016
C6340,F,30,30대,M,Y,용산구,2016
C6341,F,21,20대,S,N,용산구,2016
C6342,M,52,50대,S,N,강남구,2016
C6343,M,33,30대,M,N,서대문구,2016
C6344,F,24,20대,S,N,광진구,2016
C6345,F,35,30대,M,N,용산구,2016
C6346,M,19,10대,S,N,송파구,2016
C6347,F,47,40대,M,N,강남구,2016
C6348,M,38,30대,S,N,양천구,2016
C6349,M,65,60대,S,N,광진구,2016
C6350,F,20,20대,S,N,서초구,2016
C6351,M,51,50대,S,N,광진구,2016
C6352,F,32,30대,M,Y,양천구,2016
C6353,M,23,20대,S,N,용산구,2016
C6354,M,44,40대,S,N,광진구,2016
C6355,M,35,30대,M,N,광진구,2016
C6356,F,46,40대,S,N,강남구,2016
C6357,F,37,30대,M,Y,강남구,2016
C6358,M,58,50대,S,N,강남구,2016
C6359,M,61,60대,S,N,양천구,2016
C6360,M,30,30대,M,N,강남구,2016
C6361,M,31,30대,S,N,관악구,2016
C6362,F,52,50대,M,N,강남구,2016
C6363,F,53,50대,M,Y,마포구,2016
C6364,M,34,30대,M,Y,용산구,2016
C6365,M,55,50대,M,N,강남구,2016
C6366,M,46,40대,M,N,용산구,2016
C6367,M,37,30대,M,Y,송파구,2016
C6368,F,58,50대,M,N,강남구,2016
C6369,F,64,60대,S,N,강남구,2016
C6370,F,40,40대,M,Y,강남구,2016
C6371,M,31,30대,S,Y,용산구,2016
C6372,F,52,50대,M,Y,용산구,2016
C6373,M,53,50대,S,N,용산구,2016
C6374,M,24,20대,M,N,광진구,2016
C6375,M,45,40대,M,Y,용산구,2016
C6376,M,46,40대,M,Y,송파구,2016
C6377,M,57,50대,S,N,서대문구,2016
C6378,F,38,30대,S,N,서대문구,2016
C6379,F,29,20대,M,N,송파구,2016
C6380,M,40,40대,M,N,용산구,2016
C6381,F,21,20대,M,Y,동작구,2016
C6382,F,32,30대,S,N,강남구,2016
C6383,M,23,20대,S,N,강남구,2016
C6384,F,44,40대,S,N,광진구,2016
C6385,M,25,20대,S,N,광진구,2016
C6386,M,46,40대,M,N,양천구,2016
C6387,F,37,30대,M,Y,양천구,2016
C6388,F,58,50대,S,N,강남구,2016
C6389,M,39,30대,M,Y,송파구,2016
C6390,M,50,50대,M,Y,서대문구,2016
C6391,M,41,40대,M,Y,용산구,2016
C6392,M,42,40대,M,Y,양천구,2016
C6393,M,23,20대,M,Y,용산구,2016
C6394,F,24,20대,S,N,마포구,2016
C6395,M,55,50대,M,N,송파구,2016
C6396,M,46,40대,S,N,강남구,2016
C6397,M,37,30대,M,N,강남구,2016
C6398,M,48,40대,M,N,용산구,2016
C6399,F,49,40대,M,Y,동작구,2016
C6400,M,50,50대,M,N,송파구,2016
C6401,F,31,30대,M,Y,강남구,2016
C6402,F,52,50대,M,N,광진구,2016
C6403,F,18,10대,S,N,광진구,2016
C6404,M,24,20대,S,N,강남구,2016
C6405,M,35,30대,S,N,서초구,2016
C6406,F,36,30대,M,Y,서대문구,2016
C6407,M,57,50대,M,N,송파구,2016
C6408,F,58,50대,M,Y,강남구,2016
C6409,M,62,60대,M,N,용산구,2016
C6410,F,20,20대,M,N,용산구,2016
C6411,M,21,20대,M,Y,서초구,2016
C6412,F,32,30대,M,Y,용산구,2016
C6413,F,23,20대,M,N,강남구,2016
C6414,F,24,20대,S,N,용산구,2016
C6415,M,35,30대,S,N,용산구,2016
C6416,F,56,50대,M,Y,강남구,2016
C6417,F,57,50대,M,Y,송파구,2016
C6418,M,28,20대,S,N,강남구,2016
C6419,M,65,60대,S,N,관악구,2016
C6420,F,20,20대,S,N,강남구,2016
C6421,M,41,40대,M,N,용산구,2016
C6422,M,42,40대,M,N,광진구,2016
C6423,M,43,40대,M,Y,서대문구,2016
C6424,F,54,50대,S,N,서대문구,2016
C6425,F,55,50대,M,N,용산구,2016
C6426,M,36,30대,M,Y,동작구,2016
C6427,M,37,30대,S,N,강남구,2016
C6428,M,48,40대,M,N,강남구,2016
C6429,F,49,40대,S,Y,송파구,2016
C6430,M,40,40대,S,N,양천구,2016
C6431,F,21,20대,M,N,용산구,2016
C6432,F,42,40대,M,N,서대문구,2016
C6433,F,53,50대,M,N,서대문구,2016
C6434,M,44,40대,M,Y,서대문구,2016
C6435,M,25,20대,S,N,서대문구,2016
C6436,F,46,40대,M,Y,동작구,2016
C6437,F,37,30대,M,N,강남구,2016
C6438,F,38,30대,M,N,양천구,2016
C6439,M,39,30대,S,N,송파구,2016
C6440,M,40,40대,M,N,용산구,2016
C6441,F,41,40대,M,Y,용산구,2016
C6442,F,52,50대,S,N,서대문구,2016
C6443,F,23,20대,M,N,서대문구,2016
C6444,M,44,40대,S,N,강남구,2016
C6445,M,25,20대,S,N,마포구,2016
C6446,F,46,40대,S,N,마포구,2016
C6447,F,57,50대,M,N,관악구,2016
C6448,M,58,50대,M,N,강남구,2016
C6449,M,60,60대,S,N,서대문구,2016
C6450,M,40,40대,M,Y,서대문구,2016
C6451,F,51,50대,M,Y,강남구,2016
C6452,F,42,40대,M,Y,서대문구,2016
C6453,F,23,20대,M,N,용산구,2016
C6454,F,34,30대,S,N,광진구,2016
C6455,F,35,30대,M,N,마포구,2016
C6456,F,56,50대,S,N,동작구,2016
C6457,F,37,30대,M,Y,양천구,2016
C6458,M,58,50대,M,N,서대문구,2016
C6459,F,59,50대,M,Y,용산구,2016
C6460,F,50,50대,M,Y,동작구,2016
C6461,M,31,30대,M,Y,송파구,2016
C6462,M,42,40대,S,N,용산구,2016
C6463,M,43,40대,M,Y,강남구,2016
C6464,M,44,40대,M,Y,강남구,2016
C6465,M,55,50대,M,Y,용산구,2016
C6466,F,56,50대,M,N,광진구,2016
C6467,M,37,30대,S,N,광진구,2016
C6468,M,38,30대,M,N,마포구,2016
C6469,M,39,30대,M,Y,양천구,2016
C6470,F,20,20대,M,N,송파구,2016
C6471,F,21,20대,M,N,동작구,2016
C6472,M,52,50대,S,N,광진구,2016
C6473,M,23,20대,M,N,용산구,2016
C6474,M,34,30대,M,Y,용산구,2016
C6475,F,45,40대,S,N,용산구,2016
C6476,M,56,50대,M,N,강남구,2016
C6477,M,27,20대,S,N,강남구,2016
C6478,M,28,20대,M,Y,송파구,2016
C6479,F,49,40대,M,Y,송파구,2016
C6480,F,20,20대,M,Y,송파구,2016
C6481,M,41,40대,M,Y,광진구,2016
C6482,M,32,30대,M,Y,광진구,2016
C6483,F,23,20대,S,N,강남구,2016
C6484,F,24,20대,M,N,용산구,2016
C6485,M,35,30대,M,Y,동작구,2016
C6486,M,46,40대,S,N,용산구,2016
C6487,M,27,20대,M,Y,광진구,2016
C6488,M,28,20대,S,N,송파구,2016
C6489,M,65,60대,S,N,서초구,2016
C6490,F,20,20대,S,N,광진구,2016
C6491,M,41,40대,S,N,용산구,2016
C6492,M,22,20대,S,N,서초구,2016
C6493,F,23,20대,S,N,용산구,2016
C6494,F,34,30대,M,Y,서초구,2016
C6495,M,45,40대,M,N,마포구,2016
C6496,F,46,40대,S,N,양천구,2016
C6497,M,37,30대,S,N,광진구,2016
C6498,M,58,50대,M,N,송파구,2016
C6499,F,29,20대,M,Y,마포구,2016
C6500,M,20,20대,S,N,서초구,2016
C6501,F,21,20대,S,N,강남구,2016
C6502,M,22,20대,S,N,서초구,2016
C6503,M,43,40대,M,Y,서대문구,2016
C6504,F,24,20대,M,N,광진구,2016
C6505,M,45,40대,M,N,양천구,2016
C6506,M,46,40대,M,N,용산구,2016
C6507,F,57,50대,S,N,용산구,2016
C6508,F,28,20대,M,N,용산구,2016
C6509,M,49,40대,M,N,강남구,2016
C6510,F,20,20대,M,N,용산구,2016
C6511,M,21,20대,M,N,마포구,2016
C6512,F,42,40대,M,Y,서초구,2016
C6513,M,23,20대,S,N,강남구,2016
C6514,M,24,20대,M,N,용산구,2016
C6515,F,45,40대,M,N,서대문구,2016
C6516,F,46,40대,M,N,광진구,2016
C6517,F,37,30대,M,N,용산구,2016
C6518,F,48,40대,M,Y,용산구,2016
C6519,F,59,50대,M,Y,양천구,2016
C6520,M,50,50대,M,N,서대문구,2016
C6521,F,41,40대,M,Y,양천구,2016
C6522,F,22,20대,S,N,강남구,2016
C6523,M,23,20대,S,N,동작구,2016
C6524,F,24,20대,S,N,강남구,2016
C6525,M,55,50대,M,N,강남구,2016
C6526,M,56,50대,M,Y,서대문구,2016
C6527,F,57,50대,S,N,강남구,2016
C6528,M,38,30대,S,N,강남구,2016
C6529,F,63,60대,S,N,강남구,2016
C6530,F,40,40대,S,Y,동작구,2016
C6531,M,21,20대,S,N,용산구,2016
C6532,F,22,20대,M,Y,서대문구,2016
C6533,F,33,30대,S,N,관악구,2016
C6534,F,54,50대,M,Y,서초구,2016
C6535,F,35,30대,S,N,양천구,2016
C6536,F,46,40대,M,Y,강남구,2016
C6537,F,37,30대,M,N,강남구,2016
C6538,F,38,30대,M,N,동작구,2016
C6539,M,39,30대,M,Y,강남구,2016
C6540,M,20,20대,M,N,강남구,2016
C6541,M,31,30대,M,Y,동작구,2016
C6542,M,22,20대,M,N,서대문구,2016
C6543,M,23,20대,S,N,광진구,2016
C6544,M,34,30대,M,Y,서대문구,2016
C6545,M,55,50대,M,N,마포구,2016
C6546,M,46,40대,M,Y,광진구,2016
C6547,M,57,50대,S,N,강남구,2016
C6548,M,48,40대,M,Y,서대문구,2016
C6549,M,39,30대,M,N,송파구,2016
C6550,F,40,40대,S,N,광진구,2016
C6551,F,41,40대,M,Y,서대문구,2016
C6552,F,32,30대,S,N,관악구,2016
C6553,M,43,40대,M,N,서대문구,2016
C6554,F,34,30대,M,Y,동작구,2016
C6555,F,55,50대,S,N,동작구,2016
C6556,M,36,30대,M,N,강남구,2016
C6557,F,27,20대,S,N,송파구,2016
C6558,M,48,40대,M,N,광진구,2016
C6559,M,65,60대,M,N,서대문구,2016
C6560,M,20,20대,S,N,송파구,2016
C6561,F,31,30대,M,Y,용산구,2016
C6562,M,22,20대,S,N,강남구,2016
C6563,F,33,30대,S,N,광진구,2016
C6564,M,44,40대,M,Y,관악구,2016
C6565,F,25,20대,S,N,강남구,2016
C6566,M,26,20대,S,N,양천구,2016
C6567,F,47,40대,M,Y,용산구,2016
C6568,M,48,40대,S,N,관악구,2016
C6569,F,61,60대,M,N,동작구,2016
C6570,F,50,50대,M,Y,서대문구,2016
C6571,M,41,40대,M,Y,양천구,2016
C6572,F,42,40대,M,N,서대문구,2016
C6573,M,33,30대,S,N,송파구,2016
C6574,M,44,40대,M,Y,강남구,2016
C6575,M,25,20대,S,N,마포구,2016
C6576,F,46,40대,M,Y,용산구,2016
C6577,F,27,20대,M,Y,관악구,2016
C6578,F,28,20대,M,Y,마포구,2016
C6579,F,64,60대,M,N,용산구,2016
C6580,F,20,20대,S,N,광진구,2016
C6581,F,51,50대,M,N,용산구,2016
C6582,F,22,20대,S,N,용산구,2016
C6583,M,23,20대,S,N,서대문구,2016
C6584,M,24,20대,S,N,마포구,2016
C6585,F,35,30대,M,N,용산구,2016
C6586,M,56,50대,M,Y,서초구,2016
C6587,M,57,50대,M,Y,송파구,2016
C6588,F,38,30대,M,N,서대문구,2016
C6589,M,60,60대,S,N,관악구,2016
C6590,F,20,20대,M,Y,광진구,2016
C6591,M,41,40대,M,Y,서대문구,2016
C6592,F,32,30대,M,Y,용산구,2016
C6593,M,23,20대,S,N,서대문구,2016
C6594,M,24,20대,S,N,송파구,2016
C6595,M,45,40대,M,Y,송파구,2016
C6596,F,46,40대,M,Y,서대문구,2016
C6597,F,27,20대,M,N,용산구,2016
C6598,M,38,30대,M,N,강남구,2016
C6599,M,29,20대,S,N,용산구,2016
C6600,M,20,20대,M,N,양천구,2016
C6601,F,41,40대,M,Y,서대문구,2016
C6602,F,22,20대,S,N,양천구,2016
C6603,M,23,20대,S,N,서초구,2016
C6604,F,24,20대,M,Y,강남구,2016
C6605,F,25,20대,S,N,강남구,2016
C6606,M,46,40대,M,N,서대문구,2016
C6607,M,37,30대,S,N,송파구,2016
C6608,M,38,30대,S,N,서초구,2016
C6609,M,18,10대,S,N,관악구,2016
C6610,M,20,20대,M,Y,양천구,2016
C6611,M,51,50대,M,N,마포구,2016
C6612,M,22,20대,M,Y,양천구,2016
C6613,M,33,30대,S,N,마포구,2016
C6614,F,34,30대,M,Y,강남구,2016
C6615,M,35,30대,S,N,강남구,2016
C6616,M,46,40대,M,Y,서대문구,2016
C6617,M,37,30대,M,N,양천구,2016
C6618,F,38,30대,S,N,용산구,2016
C6619,F,29,20대,M,Y,서초구,2016
C6620,F,20,20대,S,N,용산구,2016
C6621,F,21,20대,M,N,서대문구,2016
C6622,F,22,20대,M,N,서대문구,2016
C6623,F,23,20대,S,N,강남구,2016
C6624,F,18,10대,S,N,강남구,2016
C6625,F,45,40대,M,Y,송파구,2016
C6626,F,46,40대,M,N,강남구,2016
C6627,F,47,40대,M,Y,동작구,2016
C6628,M,48,40대,M,N,강남구,2016
C6629,M,59,50대,M,N,송파구,2016
C6630,M,30,30대,M,Y,강남구,2016
C6631,M,21,20대,M,N,강남구,2016
C6632,F,22,20대,M,N,용산구,2016
C6633,M,43,40대,M,Y,동작구,2016
C6634,M,44,40대,M,Y,마포구,2016
C6635,F,45,40대,M,Y,양천구,2016
C6636,M,56,50대,M,N,송파구,2016
C6637,M,37,30대,S,N,광진구,2016
C6638,F,48,40대,M,Y,광진구,2016
C6639,M,29,20대,S,N,용산구,2016
C6640,F,20,20대,S,N,서초구,2016
C6641,M,41,40대,M,Y,서초구,2016
C6642,M,22,20대,M,Y,강남구,2016
C6643,F,43,40대,M,Y,용산구,2016
C6644,M,44,40대,M,Y,서대문구,2016
C6645,F,55,50대,M,Y,용산구,2016
C6646,M,18,10대,S,N,양천구,2016
C6647,M,37,30대,S,N,용산구,2016
C6648,F,48,40대,M,Y,동작구,2016
C6649,F,39,30대,M,N,동작구,2016
C6650,F,30,30대,M,Y,광진구,2016
C6651,F,41,40대,M,Y,송파구,2016
C6652,F,22,20대,S,N,강남구,2016
C6653,M,23,20대,M,Y,마포구,2016
C6654,F,44,40대,M,N,송파구,2016
C6655,F,25,20대,M,Y,광진구,2016
C6656,M,56,50대,M,N,마포구,2016
C6657,F,57,50대,M,Y,마포구,2016
C6658,F,58,50대,M,N,강남구,2016
C6659,F,49,40대,M,N,송파구,2016
C6660,F,20,20대,M,N,용산구,2016
C6661,M,21,20대,M,N,강남구,2016
C6662,M,22,20대,S,N,동작구,2016
C6663,F,23,20대,M,N,용산구,2016
C6664,F,24,20대,S,N,마포구,2016
C6665,F,45,40대,M,Y,동작구,2016
C6666,F,46,40대,M,N,동작구,2016
C6667,M,37,30대,M,Y,강남구,2016
C6668,M,48,40대,M,N,양천구,2016
C6669,M,63,60대,S,N,용산구,2016
C6670,M,30,30대,S,N,동작구,2016
C6671,M,51,50대,S,N,마포구,2016
C6672,M,22,20대,S,N,용산구,2016
C6673,M,23,20대,S,N,마포구,2016
C6674,M,54,50대,S,N,서대문구,2016
C6675,F,35,30대,M,Y,관악구,2016
C6676,F,46,40대,S,N,강남구,2016
C6677,M,27,20대,M,N,서대문구,2016
C6678,M,28,20대,S,N,마포구,2016
C6679,F,59,50대,M,N,용산구,2016
C6680,M,20,20대,S,N,강남구,2016
C6681,F,31,30대,M,Y,서대문구,2016
C6682,F,22,20대,S,N,관악구,2016
C6683,F,23,20대,M,Y,관악구,2016
C6684,F,54,50대,M,Y,강남구,2016
C6685,M,35,30대,M,N,용산구,2016
C6686,M,46,40대,S,N,마포구,2016
C6687,M,57,50대,M,N,송파구,2016
C6688,M,38,30대,S,N,동작구,2016
C6689,M,29,20대,S,N,송파구,2016
C6690,M,20,20대,S,N,서대문구,2016
C6691,M,41,40대,M,Y,송파구,2016
C6692,F,22,20대,M,Y,용산구,2016
C6693,F,33,30대,S,N,서대문구,2016
C6694,M,24,20대,S,N,서대문구,2016
C6695,F,25,20대,M,Y,마포구,2016
C6696,M,56,50대,M,Y,서대문구,2016
C6697,F,37,30대,M,N,서대문구,2016
C6698,F,38,30대,M,N,양천구,2016
C6699,M,29,20대,S,N,서대문구,2016
C6700,F,20,20대,M,N,강남구,2016
C6701,F,41,40대,M,N,마포구,2016
C6702,M,52,50대,S,N,강남구,2016
C6703,M,43,40대,M,N,강남구,2016
C6704,F,44,40대,M,Y,강남구,2016
C6705,F,35,30대,S,Y,용산구,2016
C6706,F,46,40대,M,N,관악구,2016
C6707,F,37,30대,M,N,서초구,2016
C6708,F,48,40대,S,N,광진구,2016
C6709,F,29,20대,M,N,마포구,2016
C6710,M,20,20대,S,N,강남구,2016
C6711,M,51,50대,M,N,동작구,2016
C6712,F,22,20대,S,N,용산구,2016
C6713,M,53,50대,S,N,송파구,2016
C6714,F,44,40대,M,Y,서대문구,2016
C6715,F,55,50대,M,Y,용산구,2016
C6716,M,26,20대,S,N,광진구,2016
C6717,F,37,30대,S,N,용산구,2016
C6718,F,58,50대,M,N,동작구,2016
C6719,F,59,50대,M,N,관악구,2016
C6720,F,20,20대,M,N,용산구,2016
C6721,F,51,50대,M,N,양천구,2016
C6722,M,52,50대,M,N,동작구,2016
C6723,M,43,40대,M,N,광진구,2016
C6724,F,54,50대,M,N,강남구,2016
C6725,M,35,30대,S,N,관악구,2016
C6726,F,36,30대,M,Y,서대문구,2016
C6727,F,37,30대,S,N,광진구,2016
C6728,F,48,40대,M,Y,강남구,2016
C6729,F,49,40대,M,Y,강남구,2016
C6730,F,20,20대,S,N,관악구,2016
C6731,M,41,40대,M,N,마포구,2016
C6732,F,52,50대,M,N,관악구,2016
C6733,F,43,40대,M,Y,마포구,2016
C6734,M,24,20대,M,N,용산구,2016
C6735,M,45,40대,M,N,강남구,2016
C6736,M,46,40대,M,N,마포구,2016
C6737,M,37,30대,S,N,송파구,2016
C6738,F,38,30대,M,N,광진구,2016
C6739,F,63,60대,M,N,동작구,2016
C6740,M,20,20대,S,N,용산구,2016
C6741,F,21,20대,S,N,광진구,2016
C6742,F,32,30대,M,Y,마포구,2016
C6743,M,23,20대,M,N,마포구,2016
C6744,M,34,30대,M,Y,마포구,2016
C6745,M,35,30대,M,N,서대문구,2016
C6746,M,56,50대,M,N,양천구,2016
C6747,M,37,30대,M,Y,서대문구,2016
C6748,F,58,50대,S,N,서대문구,2016
C6749,F,59,50대,M,N,송파구,2016
C6750,M,40,40대,M,Y,서대문구,2016
C6751,F,41,40대,M,Y,송파구,2016
C6752,M,42,40대,M,N,강남구,2016
C6753,M,23,20대,S,N,강남구,2016
C6754,F,44,40대,M,N,서대문구,2016
C6755,F,35,30대,M,N,용산구,2016
C6756,M,46,40대,M,Y,서초구,2016
C6757,M,37,30대,S,N,광진구,2016
C6758,M,28,20대,M,Y,용산구,2016
C6759,F,59,50대,M,N,동작구,2016
C6760,M,50,50대,M,N,용산구,2016
C6761,M,51,50대,M,Y,용산구,2016
C6762,F,52,50대,M,N,서초구,2016
C6763,M,23,20대,M,N,강남구,2016
C6764,F,24,20대,S,N,서대문구,2016
C6765,M,35,30대,M,N,용산구,2016
C6766,F,36,30대,M,Y,강남구,2016
C6767,M,37,30대,S,N,광진구,2016
C6768,M,38,30대,M,Y,동작구,2016
C6769,M,59,50대,M,N,강남구,2016
C6770,F,30,30대,M,Y,양천구,2016
C6771,M,21,20대,M,N,서대문구,2016
C6772,F,22,20대,M,Y,광진구,2016
C6773,M,43,40대,M,Y,서대문구,2016
C6774,M,24,20대,S,N,강남구,2016
C6775,F,25,20대,S,N,광진구,2016
C6776,M,46,40대,S,N,서초구,2016
C6777,M,27,20대,M,Y,용산구,2016
C6778,F,58,50대,M,N,송파구,2016
C6779,M,59,50대,M,N,마포구,2016
C6780,F,30,30대,M,Y,강남구,2016
C6781,F,41,40대,M,Y,양천구,2016
C6782,F,22,20대,M,N,용산구,2016
C6783,M,43,40대,M,Y,양천구,2016
C6784,M,34,30대,M,N,양천구,2016
C6785,F,35,30대,S,N,송파구,2016
C6786,F,46,40대,S,N,관악구,2016
C6787,F,27,20대,M,N,광진구,2016
C6788,F,28,20대,S,N,마포구,2016
C6789,F,39,30대,M,Y,용산구,2016
C6790,M,20,20대,S,N,서대문구,2016
C6791,M,31,30대,M,Y,서대문구,2016
C6792,M,22,20대,M,N,양천구,2016
C6793,M,33,30대,S,N,마포구,2016
C6794,M,34,30대,M,Y,서대문구,2016
C6795,F,55,50대,M,N,서대문구,2016
C6796,M,46,40대,M,Y,용산구,2016
C6797,M,47,40대,S,N,강남구,2016
C6798,F,38,30대,M,Y,서대문구,2016
C6799,M,60,60대,M,N,광진구,2016
C6800,F,30,30대,M,N,광진구,2016
C6801,F,41,40대,S,N,용산구,2016
C6802,F,22,20대,S,N,송파구,2016
C6803,M,53,50대,S,N,관악구,2016
C6804,F,54,50대,M,Y,강남구,2016
C6805,F,55,50대,M,Y,광진구,2016
C6806,M,46,40대,S,N,강남구,2016
C6807,F,57,50대,M,N,서대문구,2016
C6808,F,38,30대,M,N,강남구,2016
C6809,F,59,50대,M,Y,강남구,2016
C6810,M,30,30대,M,Y,광진구,2016
C6811,M,21,20대,S,N,광진구,2016
C6812,M,42,40대,M,N,용산구,2016
C6813,M,53,50대,M,N,양천구,2016
C6814,M,44,40대,M,Y,강남구,2016
C6815,M,35,30대,M,Y,마포구,2016
C6816,F,46,40대,S,N,용산구,2016
C6817,F,27,20대,M,N,광진구,2016
C6818,F,38,30대,M,Y,용산구,2016
C6819,F,39,30대,S,N,용산구,2016
C6820,M,20,20대,M,N,광진구,2016
C6821,F,21,20대,S,N,마포구,2016
C6822,M,22,20대,S,N,용산구,2016
C6823,F,33,30대,M,Y,서대문구,2016
C6824,M,34,30대,M,Y,용산구,2016
C6825,M,45,40대,M,Y,서대문구,2016
C6826,M,26,20대,S,N,용산구,2016
C6827,M,37,30대,S,N,강남구,2016
C6828,F,48,40대,M,N,광진구,2016
C6829,M,49,40대,M,Y,송파구,2016
C6830,M,50,50대,M,N,서대문구,2016
C6831,M,21,20대,S,N,강남구,2016
C6832,F,22,20대,M,N,서초구,2016
C6833,M,43,40대,M,N,양천구,2016
C6834,M,24,20대,S,N,송파구,2016
C6835,F,55,50대,M,N,광진구,2016
C6836,M,36,30대,M,N,서초구,2016
C6837,M,47,40대,M,Y,강남구,2016
C6838,F,38,30대,S,N,용산구,2016
C6839,M,39,30대,M,Y,강남구,2016
C6840,M,40,40대,M,Y,용산구,2016
C6841,F,31,30대,S,N,서대문구,2016
C6842,F,32,30대,M,Y,강남구,2016
C6843,F,53,50대,M,N,마포구,2016
C6844,M,54,50대,S,N,서초구,2016
C6845,M,35,30대,M,N,서대문구,2016
C6846,F,46,40대,M,N,광진구,2016
C6847,M,37,30대,M,N,송파구,2016
C6848,F,38,30대,S,N,서초구,2016
C6849,M,61,60대,S,N,강남구,2016
C6850,F,50,50대,M,N,서초구,2016
C6851,M,41,40대,M,Y,강남구,2016
C6852,F,42,40대,S,N,서대문구,2016
C6853,M,53,50대,M,Y,양천구,2016
C6854,M,34,30대,M,N,마포구,2016
C6855,M,25,20대,M,Y,송파구,2016
C6856,F,46,40대,M,N,송파구,2016
C6857,F,37,30대,M,Y,용산구,2016
C6858,F,58,50대,M,N,서초구,2016
C6859,F,49,40대,S,Y,송파구,2016
C6860,M,20,20대,M,N,마포구,2016
C6861,M,51,50대,S,N,강남구,2016
C6862,M,22,20대,S,N,용산구,2016
C6863,F,33,30대,S,N,광진구,2016
C6864,F,24,20대,M,N,강남구,2016
C6865,F,35,30대,M,N,서대문구,2016
C6866,F,36,30대,S,N,광진구,2016
C6867,M,47,40대,M,Y,서대문구,2016
C6868,F,58,50대,M,N,강남구,2016
C6869,M,39,30대,M,Y,서대문구,2016
C6870,F,20,20대,S,N,관악구,2016
C6871,M,51,50대,M,Y,용산구,2016
C6872,M,22,20대,S,N,양천구,2016
C6873,F,23,20대,S,N,서대문구,2016
C6874,M,54,50대,M,N,서대문구,2016
C6875,F,25,20대,M,Y,광진구,2016
C6876,M,36,30대,M,Y,강남구,2016
C6877,F,57,50대,S,N,강남구,2016
C6878,F,48,40대,M,Y,용산구,2016
C6879,F,59,50대,M,Y,송파구,2016
C6880,F,20,20대,S,N,광진구,2016
C6881,F,31,30대,M,N,동작구,2016
C6882,M,22,20대,S,N,강남구,2016
C6883,F,53,50대,M,N,용산구,2016
C6884,F,44,40대,M,Y,서대문구,2016
C6885,F,35,30대,S,N,양천구,2016
C6886,M,36,30대,S,N,강남구,2016
C6887,F,37,30대,S,N,동작구,2016
C6888,M,38,30대,M,N,강남구,2016
C6889,M,66,60대,M,N,송파구,2016
C6890,M,20,20대,S,N,용산구,2016
C6891,M,51,50대,S,N,용산구,2016
C6892,F,22,20대,M,N,서초구,2016
C6893,M,23,20대,S,N,서초구,2016
C6894,F,24,20대,M,N,용산구,2016
C6895,F,35,30대,M,N,광진구,2016
C6896,F,46,40대,S,N,양천구,2016
C6897,M,47,40대,S,N,용산구,2016
C6898,M,48,40대,S,N,강남구,2016
C6899,M,39,30대,M,Y,용산구,2016
C6900,F,40,40대,M,N,강남구,2016
C6901,M,21,20대,S,N,용산구,2016
C6902,M,22,20대,M,N,동작구,2016
C6903,M,33,30대,M,Y,서대문구,2016
C6904,F,24,20대,S,N,관악구,2016
C6905,F,55,50대,M,Y,마포구,2016
C6906,M,56,50대,M,N,관악구,2016
C6907,M,37,30대,M,N,광진구,2016
C6908,F,48,40대,S,N,마포구,2016
C6909,F,29,20대,M,N,송파구,2016
C6910,M,50,50대,M,Y,강남구,2016
C6911,M,31,30대,S,N,용산구,2016
C6912,F,42,40대,M,Y,강남구,2016
C6913,M,53,50대,M,Y,용산구,2016
C6914,F,54,50대,M,N,강남구,2016
C6915,F,35,30대,M,Y,강남구,2016
C6916,F,46,40대,M,N,서대문구,2016
C6917,F,37,30대,M,N,용산구,2017
C6918,M,38,30대,M,N,용산구,2017
C6919,F,49,40대,M,N,서대문구,2017
C6920,F,30,30대,M,Y,동작구,2017
C6921,M,41,40대,M,Y,양천구,2017
C6922,M,32,30대,S,N,동작구,2017
C6923,F,43,40대,M,N,양천구,2017
C6924,F,24,20대,S,N,마포구,2017
C6925,M,55,50대,M,N,서대문구,2017
C6926,F,46,40대,S,N,관악구,2017
C6927,F,37,30대,M,N,마포구,2017
C6928,F,48,40대,M,Y,관악구,2017
C6929,F,59,50대,M,N,송파구,2017
C6930,F,50,50대,M,N,강남구,2017
C6931,F,41,40대,M,Y,관악구,2017
C6932,F,32,30대,M,N,서대문구,2017
C6933,M,33,30대,S,Y,마포구,2017
C6934,M,54,50대,M,N,마포구,2017
C6935,M,35,30대,M,Y,마포구,2017
C6936,F,26,20대,M,Y,서초구,2017
C6937,M,27,20대,M,Y,송파구,2017
C6938,M,38,30대,S,N,강남구,2017
C6939,M,49,40대,M,Y,송파구,2017
C6940,F,50,50대,M,Y,양천구,2017
C6941,M,21,20대,S,N,강남구,2017
C6942,F,32,30대,S,N,광진구,2017
C6943,F,43,40대,M,Y,송파구,2017
C6944,F,24,20대,S,N,관악구,2017
C6945,M,35,30대,M,Y,광진구,2017
C6946,M,56,50대,M,Y,양천구,2017
C6947,M,37,30대,S,N,서대문구,2017
C6948,M,28,20대,S,N,서초구,2017
C6949,F,29,20대,S,N,서대문구,2017
C6950,M,40,40대,M,N,광진구,2017
C6951,M,31,30대,S,N,서초구,2017
C6952,M,42,40대,M,Y,강남구,2017
C6953,F,43,40대,M,N,송파구,2017
C6954,M,54,50대,M,N,강남구,2017
C6955,F,25,20대,M,N,서대문구,2017
C6956,F,46,40대,S,N,용산구,2017
C6957,F,37,30대,M,N,양천구,2017
C6958,M,28,20대,M,N,송파구,2017
C6959,M,39,30대,S,N,동작구,2017
C6960,M,50,50대,M,N,양천구,2017
C6961,M,21,20대,M,Y,강남구,2017
C6962,F,22,20대,S,N,광진구,2017
C6963,M,23,20대,S,N,용산구,2017
C6964,M,24,20대,M,N,서대문구,2017
C6965,F,35,30대,M,N,마포구,2017
C6966,M,56,50대,S,N,관악구,2017
C6967,M,27,20대,M,Y,마포구,2017
C6968,F,28,20대,S,N,송파구,2017
C6969,M,62,60대,M,N,광진구,2017
C6970,F,20,20대,S,N,강남구,2017
C6971,M,31,30대,S,N,강남구,2017
C6972,F,22,20대,S,N,광진구,2017
C6973,M,23,20대,M,N,양천구,2017
C6974,F,34,30대,M,Y,마포구,2017
C6975,F,25,20대,S,N,마포구,2017
C6976,M,36,30대,M,N,강남구,2017
C6977,M,27,20대,M,Y,용산구,2017
C6978,F,38,30대,S,N,동작구,2017
C6979,F,49,40대,M,Y,강남구,2017
C6980,M,40,40대,M,Y,관악구,2017
C6981,M,31,30대,M,Y,마포구,2017
C6982,F,32,30대,M,N,송파구,2017
C6983,M,23,20대,M,N,강남구,2017
C6984,F,34,30대,M,Y,서대문구,2017
C6985,F,35,30대,M,Y,양천구,2017
C6986,F,46,40대,M,N,관악구,2017
C6987,F,37,30대,M,N,서대문구,2017
C6988,F,48,40대,M,Y,용산구,2017
C6989,F,59,50대,M,Y,서초구,2017
C6990,F,30,30대,S,N,송파구,2017
C6991,M,31,30대,M,Y,강남구,2017
C6992,F,42,40대,M,Y,광진구,2017
C6993,M,53,50대,M,Y,양천구,2017
C6994,F,34,30대,S,N,서초구,2017
C6995,F,55,50대,S,N,서대문구,2017
C6996,F,46,40대,M,Y,마포구,2017
C6997,M,47,40대,S,N,용산구,2017
C6998,F,58,50대,M,N,마포구,2017
C6999,M,64,60대,S,N,서대문구,2017
C7000,F,50,50대,M,N,송파구,2017
C7001,F,31,30대,M,Y,동작구,2017
C7002,M,32,30대,S,N,마포구,2017
C7003,F,53,50대,M,Y,마포구,2017
C7004,M,34,30대,M,Y,강남구,2017
C7005,F,55,50대,S,N,동작구,2017
C7006,F,56,50대,M,N,광진구,2017
C7007,M,37,30대,S,N,강남구,2017
C7008,M,38,30대,M,N,강남구,2017
C7009,M,39,30대,M,N,송파구,2017
C7010,F,20,20대,S,N,강남구,2017
C7011,M,41,40대,S,N,서대문구,2017
C7012,M,22,20대,M,N,양천구,2017
C7013,F,23,20대,M,N,용산구,2017
C7014,M,44,40대,M,N,서대문구,2017
C7015,F,19,10대,S,N,강남구,2017
C7016,M,46,40대,S,N,광진구,2017
C7017,F,37,30대,S,N,송파구,2017
C7018,M,28,20대,M,N,강남구,2017
C7019,M,39,30대,M,N,광진구,2017
C7020,M,20,20대,M,N,용산구,2017
C7021,M,51,50대,M,Y,서대문구,2017
C7022,M,22,20대,M,N,마포구,2017
C7023,M,53,50대,M,Y,서대문구,2017
C7024,F,24,20대,M,N,동작구,2017
C7025,F,45,40대,M,Y,용산구,2017
C7026,F,46,40대,S,N,관악구,2017
C7027,F,57,50대,M,N,관악구,2017
C7028,F,28,20대,S,N,강남구,2017
C7029,M,59,50대,M,N,양천구,2017
C7030,F,20,20대,S,N,양천구,2017
C7031,M,21,20대,M,N,서대문구,2017
C7032,M,42,40대,M,Y,관악구,2017
C7033,M,33,30대,S,N,강남구,2017
C7034,F,54,50대,S,N,서대문구,2017
C7035,F,35,30대,S,N,양천구,2017
C7036,M,46,40대,S,N,송파구,2017
C7037,F,47,40대,M,N,용산구,2017
C7038,F,38,30대,M,N,송파구,2017
C7039,F,62,60대,S,N,광진구,2017
C7040,M,40,40대,M,Y,마포구,2017
C7041,M,19,10대,S,N,강남구,2017
C7042,F,42,40대,M,N,송파구,2017
C7043,M,53,50대,M,Y,마포구,2017
C7044,F,34,30대,S,N,용산구,2017
C7045,M,35,30대,M,N,용산구,2017
C7046,M,36,30대,S,N,강남구,2017
C7047,M,47,40대,M,Y,양천구,2017
C7048,M,28,20대,M,Y,양천구,2017
C7049,M,49,40대,M,Y,마포구,2017
C7050,M,20,20대,S,N,마포구,2017
C7051,F,51,50대,M,N,용산구,2017
C7052,M,32,30대,S,N,서대문구,2017
C7053,M,23,20대,S,N,관악구,2017
C7054,F,24,20대,S,N,광진구,2017
C7055,M,35,30대,S,N,양천구,2017
C7056,M,26,20대,S,N,강남구,2017
C7057,M,37,30대,S,N,마포구,2017
C7058,F,48,40대,M,Y,양천구,2017
C7059,F,59,50대,M,Y,강남구,2017
C7060,M,30,30대,M,N,용산구,2017
C7061,M,21,20대,S,N,송파구,2017
C7062,F,42,40대,M,N,강남구,2017
C7063,M,33,30대,S,N,마포구,2017
C7064,F,24,20대,M,N,용산구,2017
C7065,M,45,40대,M,N,마포구,2017
C7066,F,26,20대,M,Y,광진구,2017
C7067,M,37,30대,S,N,용산구,2017
C7068,F,38,30대,M,Y,동작구,2017
C7069,F,49,40대,M,Y,서대문구,2017
C7070,F,50,50대,M,N,광진구,2017
C7071,M,31,30대,M,N,마포구,2017
C7072,M,22,20대,S,N,강남구,2017
C7073,M,23,20대,M,N,서대문구,2017
C7074,F,24,20대,S,N,관악구,2017
C7075,M,45,40대,M,Y,광진구,2017
C7076,M,26,20대,S,N,송파구,2017
C7077,F,37,30대,M,Y,송파구,2017
C7078,M,48,40대,M,Y,마포구,2017
C7079,F,49,40대,M,Y,마포구,2017
C7080,M,30,30대,S,N,강남구,2017
C7081,M,51,50대,M,N,양천구,2017
C7082,M,22,20대,S,N,광진구,2017
C7083,F,33,30대,M,Y,용산구,2017
C7084,M,24,20대,M,N,송파구,2017
C7085,F,25,20대,S,N,강남구,2017
C7086,M,56,50대,M,N,송파구,2017
C7087,M,47,40대,M,N,강남구,2017
C7088,F,48,40대,M,Y,송파구,2017
C7089,M,59,50대,M,N,서대문구,2017
C7090,F,40,40대,S,N,관악구,2017
C7091,F,31,30대,M,Y,강남구,2017
C7092,M,22,20대,S,N,송파구,2017
C7093,M,43,40대,M,Y,서대문구,2017
C7094,M,54,50대,M,Y,강남구,2017
C7095,M,35,30대,S,N,용산구,2017
C7096,F,46,40대,M,N,용산구,2017
C7097,F,37,30대,M,N,양천구,2017
C7098,M,58,50대,S,N,강남구,2017
C7099,M,59,50대,M,N,용산구,2017
C7100,M,40,40대,M,N,강남구,2017
C7101,F,51,50대,S,N,용산구,2017
C7102,F,32,30대,M,Y,서대문구,2017
C7103,F,23,20대,M,Y,용산구,2017
C7104,F,34,30대,M,Y,서초구,2017
C7105,M,35,30대,M,N,용산구,2017
C7106,F,36,30대,M,N,강남구,2017
C7107,F,37,30대,S,N,용산구,2017
C7108,M,28,20대,S,N,강남구,2017
C7109,F,62,60대,S,N,용산구,2017
C7110,F,20,20대,M,N,동작구,2017
C7111,F,21,20대,M,N,강남구,2017
C7112,M,42,40대,S,N,용산구,2017
C7113,F,23,20대,M,N,용산구,2017
C7114,M,24,20대,S,N,광진구,2017
C7115,F,35,30대,M,N,강남구,2017
C7116,F,36,30대,M,Y,관악구,2017
C7117,M,27,20대,S,N,강남구,2017
C7118,F,48,40대,M,Y,동작구,2017
C7119,F,59,50대,M,N,서대문구,2017
C7120,M,30,30대,S,N,서대문구,2017
C7121,F,21,20대,M,N,서대문구,2017
C7122,M,22,20대,S,N,광진구,2017
C7123,F,23,20대,S,N,서대문구,2017
C7124,F,24,20대,S,N,서대문구,2017
C7125,F,25,20대,S,N,강남구,2017
C7126,M,26,20대,M,Y,송파구,2017
C7127,F,37,30대,S,N,광진구,2017
C7128,F,48,40대,M,N,마포구,2017
C7129,M,29,20대,S,N,강남구,2017
C7130,M,40,40대,M,Y,송파구,2017
C7131,F,21,20대,M,N,마포구,2017
C7132,M,42,40대,M,Y,마포구,2017
C7133,F,33,30대,S,N,관악구,2017
C7134,F,24,20대,M,Y,용산구,2017
C7135,M,35,30대,M,N,광진구,2017
C7136,F,46,40대,S,N,관악구,2017
C7137,M,37,30대,M,N,서초구,2017
C7138,F,48,40대,M,Y,용산구,2017
C7139,M,59,50대,M,N,마포구,2017
C7140,M,20,20대,M,N,용산구,2017
C7141,M,31,30대,M,Y,서대문구,2017
C7142,M,22,20대,M,N,동작구,2017
C7143,M,33,30대,S,N,용산구,2017
C7144,F,24,20대,S,N,관악구,2017
C7145,F,25,20대,S,N,광진구,2017
C7146,F,26,20대,M,N,동작구,2017
C7147,M,27,20대,S,N,서대문구,2017
C7148,F,58,50대,M,Y,용산구,2017
C7149,M,29,20대,M,N,강남구,2017
C7150,M,20,20대,M,N,서대문구,2017
C7151,F,51,50대,M,N,마포구,2017
C7152,F,32,30대,M,Y,용산구,2017
C7153,F,23,20대,S,N,관악구,2017
C7154,M,19,10대,S,N,송파구,2017
C7155,F,35,30대,M,N,용산구,2017
C7156,F,46,40대,S,N,용산구,2017
C7157,M,37,30대,M,N,서대문구,2017
C7158,F,28,20대,S,N,마포구,2017
C7159,F,29,20대,M,Y,동작구,2017
C7160,M,20,20대,S,N,송파구,2017
C7161,M,21,20대,S,N,용산구,2017
C7162,M,22,20대,M,Y,동작구,2017
C7163,F,43,40대,M,Y,송파구,2017
C7164,M,44,40대,M,Y,서초구,2017
C7165,F,55,50대,S,N,강남구,2017
C7166,M,36,30대,M,Y,광진구,2017
C7167,M,57,50대,M,N,용산구,2017
C7168,M,18,10대,S,N,강남구,2017
C7169,F,39,30대,M,N,관악구,2017
C7170,F,20,20대,S,N,광진구,2017
C7171,F,21,20대,M,N,강남구,2017
C7172,F,18,10대,S,N,동작구,2017
C7173,M,23,20대,S,N,강남구,2017
C7174,F,54,50대,M,N,용산구,2017
C7175,M,55,50대,M,N,관악구,2017
C7176,M,46,40대,S,N,동작구,2017
C7177,F,57,50대,M,Y,서대문구,2017
C7178,F,58,50대,S,N,용산구,2017
C7179,M,49,40대,M,Y,용산구,2017
C7180,M,20,20대,S,N,마포구,2017
C7181,F,31,30대,M,Y,서초구,2017
C7182,F,32,30대,M,Y,용산구,2017
C7183,M,53,50대,M,Y,동작구,2017
C7184,M,18,10대,S,N,서대문구,2017
C7185,F,45,40대,M,Y,강남구,2017
C7186,F,36,30대,S,N,강남구,2017
C7187,M,47,40대,M,N,용산구,2017
C7188,F,58,50대,S,N,강남구,2017
C7189,M,65,60대,S,N,관악구,2017
C7190,F,30,30대,M,Y,용산구,2017
C7191,F,21,20대,M,N,광진구,2017
C7192,F,22,20대,M,N,용산구,2017
C7193,M,43,40대,S,N,용산구,2017
C7194,M,44,40대,M,Y,용산구,2017
C7195,M,45,40대,M,Y,서대문구,2017
C7196,M,36,30대,M,N,관악구,2017
C7197,M,37,30대,M,N,강남구,2017
C7198,M,38,30대,M,Y,마포구,2017
C7199,M,59,50대,M,N,광진구,2017
C7200,M,30,30대,M,N,강남구,2017
C7201,F,31,30대,M,Y,송파구,2017
C7202,M,42,40대,M,Y,송파구,2017
C7203,F,23,20대,M,Y,용산구,2017
C7204,F,34,30대,M,Y,광진구,2017
C7205,M,55,50대,M,N,송파구,2017
C7206,M,56,50대,M,Y,마포구,2017
C7207,F,37,30대,S,N,강남구,2017
C7208,M,38,30대,S,N,관악구,2017
C7209,F,29,20대,M,Y,강남구,2017
C7210,M,50,50대,S,N,광진구,2017
C7211,M,21,20대,S,N,서초구,2017
C7212,M,32,30대,M,N,마포구,2017
C7213,F,23,20대,S,N,서초구,2017
C7214,F,34,30대,M,Y,서대문구,2017
C7215,F,45,40대,M,Y,용산구,2017
C7216,M,46,40대,M,N,서초구,2017
C7217,M,37,30대,S,N,강남구,2017
C7218,M,28,20대,S,N,용산구,2017
C7219,F,49,40대,M,Y,관악구,2017
C7220,F,30,30대,M,Y,광진구,2017
C7221,F,21,20대,S,N,동작구,2017
C7222,F,22,20대,M,N,용산구,2017
C7223,F,53,50대,M,N,관악구,2017
C7224,F,34,30대,M,N,동작구,2017
C7225,F,25,20대,S,N,양천구,2017
C7226,F,26,20대,M,Y,마포구,2017
C7227,F,37,30대,M,N,송파구,2017
C7228,F,38,30대,M,Y,송파구,2017
C7229,F,63,60대,S,N,서초구,2017
C7230,M,50,50대,S,N,관악구,2017
C7231,F,41,40대,M,Y,동작구,2017
C7232,M,22,20대,S,N,마포구,2017
C7233,F,23,20대,S,N,강남구,2017
C7234,M,34,30대,M,N,송파구,2017
C7235,M,35,30대,S,N,용산구,2017
C7236,F,46,40대,M,N,동작구,2017
C7237,F,37,30대,M,N,광진구,2017
C7238,F,38,30대,S,N,동작구,2017
C7239,M,66,60대,S,N,용산구,2017
C7240,F,30,30대,S,N,송파구,2017
C7241,M,21,20대,M,N,용산구,2017
C7242,F,42,40대,M,Y,마포구,2017
C7243,M,43,40대,M,Y,서대문구,2017
C7244,F,34,30대,M,Y,양천구,2017
C7245,M,35,30대,M,N,서대문구,2017
C7246,M,46,40대,M,N,마포구,2017
C7247,M,37,30대,M,N,관악구,2017
C7248,F,28,20대,M,N,서대문구,2017
C7249,F,59,50대,M,N,광진구,2017
C7250,M,40,40대,M,N,광진구,2017
C7251,F,41,40대,M,Y,관악구,2017
C7252,F,42,40대,M,Y,서대문구,2017
C7253,F,33,30대,M,Y,용산구,2017
C7254,F,34,30대,S,N,광진구,2017
C7255,F,55,50대,M,N,동작구,2017
C7256,M,46,40대,M,N,동작구,2017
C7257,F,47,40대,M,Y,강남구,2017
C7258,F,38,30대,S,N,강남구,2017
C7259,F,39,30대,M,Y,용산구,2017
C7260,M,50,50대,M,N,강남구,2017
C7261,M,19,10대,S,N,서대문구,2017
C7262,F,22,20대,S,N,용산구,2017
C7263,F,33,30대,M,Y,동작구,2017
C7264,F,44,40대,S,N,서대문구,2017
C7265,F,35,30대,M,N,서대문구,2017
C7266,F,36,30대,M,Y,광진구,2017
C7267,M,37,30대,S,N,용산구,2017
C7268,M,38,30대,M,N,용산구,2017
C7269,F,59,50대,M,N,강남구,2017
C7270,F,30,30대,S,N,강남구,2017
C7271,M,21,20대,S,N,양천구,2017
C7272,F,32,30대,M,Y,용산구,2017
C7273,F,43,40대,M,Y,서대문구,2017
C7274,F,44,40대,M,N,서대문구,2017
C7275,M,35,30대,M,Y,송파구,2017
C7276,F,46,40대,M,Y,서대문구,2017
C7277,M,37,30대,M,Y,강남구,2017
C7278,M,38,30대,M,Y,강남구,2017
C7279,M,29,20대,S,N,서초구,2017
C7280,F,30,30대,S,N,강남구,2017
C7281,F,21,20대,S,N,동작구,2017
C7282,F,52,50대,S,N,송파구,2017
C7283,M,53,50대,M,N,동작구,2017
C7284,F,34,30대,M,Y,동작구,2017
C7285,F,45,40대,M,Y,마포구,2017
C7286,M,46,40대,M,N,용산구,2017
C7287,F,57,50대,M,Y,양천구,2017
C7288,M,38,30대,S,N,마포구,2017
C7289,F,49,40대,M,Y,마포구,2017
C7290,F,20,20대,M,N,송파구,2017
C7291,M,19,10대,S,N,강남구,2017
C7292,F,32,30대,M,N,광진구,2017
C7293,F,23,20대,M,Y,양천구,2017
C7294,M,24,20대,S,N,용산구,2017
C7295,F,35,30대,S,N,동작구,2017
C7296,M,26,20대,S,N,송파구,2017
C7297,F,37,30대,M,N,강남구,2017
C7298,F,38,30대,M,N,동작구,2017
C7299,M,63,60대,S,N,강남구,2017
C7300,F,30,30대,M,Y,동작구,2017
C7301,F,41,40대,M,Y,송파구,2017
C7302,M,22,20대,S,N,서대문구,2017
C7303,M,23,20대,M,N,서대문구,2017
C7304,F,34,30대,M,Y,관악구,2017
C7305,F,35,30대,M,Y,마포구,2017
C7306,M,56,50대,M,N,송파구,2017
C7307,F,47,40대,M,Y,송파구,2017
C7308,M,58,50대,S,N,송파구,2017
C7309,F,66,60대,M,N,광진구,2017
C7310,M,40,40대,M,Y,용산구,2017
C7311,M,31,30대,M,N,용산구,2017
C7312,F,42,40대,M,Y,강남구,2017
C7313,F,43,40대,M,Y,서대문구,2017
C7314,F,24,20대,M,N,관악구,2017
C7315,F,35,30대,M,N,광진구,2017
C7316,F,36,30대,M,Y,용산구,2017
C7317,M,37,30대,S,N,서초구,2017
C7318,M,48,40대,M,Y,강남구,2017
C7319,M,62,60대,M,N,서대문구,2017
C7320,F,50,50대,M,N,용산구,2017
C7321,M,31,30대,M,Y,광진구,2017
C7322,M,22,20대,S,N,광진구,2017
C7323,M,23,20대,S,N,마포구,2017
C7324,M,44,40대,S,N,양천구,2017
C7325,M,25,20대,S,N,용산구,2017
C7326,F,56,50대,M,Y,강남구,2017
C7327,F,37,30대,S,N,송파구,2017
C7328,M,38,30대,S,N,송파구,2017
C7329,M,29,20대,S,N,송파구,2017
C7330,F,40,40대,M,Y,동작구,2017
C7331,F,21,20대,M,Y,송파구,2017
C7332,F,32,30대,S,N,강남구,2017
C7333,M,23,20대,S,N,강남구,2017
C7334,M,24,20대,S,N,광진구,2017
C7335,F,25,20대,M,Y,광진구,2017
C7336,M,36,30대,S,N,용산구,2017
C7337,F,37,30대,M,Y,강남구,2017
C7338,F,28,20대,S,N,서초구,2017
C7339,M,29,20대,S,N,동작구,2017
C7340,F,20,20대,M,N,강남구,2017
C7341,M,21,20대,S,N,마포구,2017
C7342,M,22,20대,S,N,서초구,2017
C7343,F,23,20대,M,N,송파구,2017
C7344,M,44,40대,M,Y,용산구,2017
C7345,F,45,40대,M,Y,마포구,2017
C7346,F,46,40대,M,N,서대문구,2017
C7347,M,18,10대,S,N,마포구,2017
C7348,M,48,40대,S,N,양천구,2017
C7349,F,39,30대,M,Y,용산구,2017
C7350,F,20,20대,S,N,송파구,2017
C7351,M,41,40대,M,Y,용산구,2017
C7352,F,22,20대,M,N,송파구,2017
C7353,M,43,40대,M,Y,광진구,2017
C7354,F,44,40대,M,Y,마포구,2017
C7355,M,35,30대,M,Y,서대문구,2017
C7356,M,46,40대,M,N,동작구,2017
C7357,F,37,30대,S,N,용산구,2017
C7358,F,58,50대,M,N,송파구,2017
C7359,F,59,50대,M,Y,동작구,2017
C7360,M,20,20대,M,N,강남구,2017
C7361,F,31,30대,M,Y,강남구,2017
C7362,F,22,20대,S,N,동작구,2017
C7363,F,53,50대,M,N,관악구,2017
C7364,F,34,30대,M,N,서대문구,2017
C7365,F,55,50대,M,N,서대문구,2017
C7366,M,46,40대,M,N,광진구,2017
C7367,M,47,40대,S,N,용산구,2017
C7368,F,28,20대,S,N,양천구,2017
C7369,F,49,40대,M,N,용산구,2017
C7370,F,30,30대,M,N,용산구,2017
C7371,F,41,40대,M,N,양천구,2017
C7372,F,52,50대,M,Y,강남구,2017
C7373,F,23,20대,M,Y,서대문구,2017
C7374,F,34,30대,S,N,강남구,2017
C7375,F,45,40대,M,N,마포구,2017
C7376,M,46,40대,S,N,광진구,2017
C7377,F,37,30대,M,N,서대문구,2017
C7378,M,38,30대,M,N,서대문구,2017
C7379,F,29,20대,S,N,동작구,2017
C7380,M,50,50대,M,N,강남구,2017
C7381,F,21,20대,S,N,강남구,2017
C7382,M,42,40대,M,Y,서대문구,2017
C7383,F,53,50대,M,N,강남구,2017
C7384,F,34,30대,S,N,광진구,2017
C7385,F,55,50대,M,Y,관악구,2017
C7386,F,26,20대,S,N,강남구,2017
C7387,F,57,50대,M,N,광진구,2017
C7388,M,38,30대,M,N,동작구,2017
C7389,F,62,60대,M,N,송파구,2017
C7390,F,20,20대,S,N,광진구,2017
C7391,F,21,20대,M,Y,광진구,2017
C7392,F,22,20대,M,N,관악구,2017
C7393,M,23,20대,M,N,마포구,2017
C7394,M,54,50대,M,Y,서대문구,2017
C7395,F,55,50대,M,N,강남구,2017
C7396,F,46,40대,M,N,광진구,2017
C7397,F,37,30대,M,Y,강남구,2017
C7398,F,48,40대,S,N,양천구,2017
C7399,F,49,40대,M,Y,강남구,2017
C7400,M,40,40대,M,N,강남구,2017
C7401,M,21,20대,M,N,강남구,2017
C7402,M,22,20대,M,N,용산구,2017
C7403,M,43,40대,S,N,양천구,2017
C7404,F,54,50대,M,N,강남구,2017
C7405,F,55,50대,S,N,강남구,2017
C7406,F,36,30대,M,Y,강남구,2017
C7407,M,37,30대,M,N,동작구,2017
C7408,F,58,50대,M,Y,마포구,2017
C7409,M,39,30대,S,N,송파구,2017
C7410,F,30,30대,S,N,강남구,2017
C7411,M,21,20대,S,N,마포구,2017
C7412,F,42,40대,M,N,양천구,2017
C7413,F,53,50대,M,Y,서대문구,2017
C7414,M,34,30대,S,N,마포구,2017
C7415,M,35,30대,S,N,강남구,2017
C7416,M,26,20대,M,Y,강남구,2017
C7417,M,37,30대,S,N,송파구,2017
C7418,F,58,50대,M,N,강남구,2017
C7419,M,64,60대,S,N,마포구,2017
C7420,F,20,20대,M,N,마포구,2017
C7421,F,18,10대,S,N,송파구,2017
C7422,M,22,20대,S,N,송파구,2017
C7423,F,23,20대,S,N,용산구,2017
C7424,M,24,20대,S,N,강남구,2017
C7425,F,45,40대,M,N,광진구,2017
C7426,F,56,50대,S,N,송파구,2017
C7427,F,37,30대,S,N,광진구,2017
C7428,F,38,30대,M,Y,용산구,2017
C7429,M,39,30대,M,Y,서초구,2017
C7430,F,20,20대,S,N,송파구,2017
C7431,F,31,30대,M,Y,양천구,2017
C7432,F,22,20대,S,N,관악구,2017
C7433,M,23,20대,S,N,송파구,2017
C7434,M,24,20대,M,N,관악구,2017
C7435,M,35,30대,S,N,강남구,2017
C7436,M,56,50대,M,N,서초구,2017
C7437,F,37,30대,S,N,관악구,2017
C7438,F,28,20대,M,Y,광진구,2017
C7439,F,49,40대,M,Y,마포구,2017
C7440,M,20,20대,M,N,용산구,2017
C7441,M,31,30대,M,Y,양천구,2017
C7442,M,32,30대,M,Y,용산구,2017
C7443,M,23,20대,S,N,마포구,2017
C7444,F,54,50대,M,Y,마포구,2017
C7445,F,35,30대,S,N,용산구,2017
C7446,F,26,20대,S,N,마포구,2017
C7447,F,37,30대,S,N,용산구,2017
C7448,M,58,50대,M,N,강남구,2017
C7449,F,66,60대,S,N,용산구,2017
C7450,M,20,20대,S,N,마포구,2017
C7451,F,51,50대,M,N,용산구,2017
C7452,F,52,50대,M,Y,송파구,2017
C7453,F,23,20대,S,N,용산구,2017
C7454,M,24,20대,S,N,마포구,2017
C7455,M,35,30대,M,N,마포구,2017
C7456,M,46,40대,S,N,관악구,2017
C7457,F,37,30대,S,N,광진구,2017
C7458,M,38,30대,S,N,동작구,2017
C7459,F,59,50대,M,N,강남구,2017
C7460,F,20,20대,S,N,관악구,2017
C7461,M,41,40대,M,Y,양천구,2017
C7462,M,22,20대,S,N,서대문구,2017
C7463,M,43,40대,M,Y,용산구,2017
C7464,F,34,30대,M,Y,강남구,2017
C7465,M,55,50대,S,N,서초구,2017
C7466,M,56,50대,M,N,강남구,2017
C7467,F,57,50대,M,Y,광진구,2017
C7468,M,38,30대,S,N,관악구,2017
C7469,F,49,40대,S,N,광진구,2017
C7470,F,40,40대,M,Y,용산구,2017
C7471,F,51,50대,M,Y,동작구,2017
C7472,M,22,20대,M,Y,서초구,2017
C7473,F,33,30대,M,Y,광진구,2017
C7474,M,24,20대,M,N,양천구,2017
C7475,M,35,30대,S,N,서대문구,2017
C7476,M,36,30대,S,N,동작구,2017
C7477,F,47,40대,M,N,서대문구,2017
C7478,F,38,30대,M,N,용산구,2017
C7479,F,61,60대,M,N,마포구,2017
C7480,F,40,40대,M,N,용산구,2017
C7481,M,21,20대,S,N,용산구,2017
C7482,F,42,40대,M,Y,서대문구,2017
C7483,F,33,30대,M,Y,서초구,2017
C7484,M,24,20대,M,N,송파구,2017
C7485,M,35,30대,S,N,강남구,2017
C7486,M,26,20대,M,Y,강남구,2017
C7487,M,37,30대,S,N,관악구,2017
C7488,M,38,30대,M,N,용산구,2017
C7489,F,18,10대,S,N,서초구,2017
C7490,F,30,30대,M,Y,동작구,2017
C7491,F,31,30대,S,N,강남구,2017
C7492,M,52,50대,M,Y,광진구,2017
C7493,F,33,30대,M,Y,송파구,2017
C7494,M,54,50대,M,N,송파구,2017
C7495,M,35,30대,S,N,서대문구,2017
C7496,M,46,40대,M,N,관악구,2017
C7497,M,57,50대,M,Y,마포구,2017
C7498,F,28,20대,M,Y,용산구,2017
C7499,M,29,20대,S,N,동작구,2017
C7500,M,40,40대,S,N,관악구,2017
C7501,F,21,20대,S,N,광진구,2017
C7502,F,32,30대,M,N,서초구,2017
C7503,F,43,40대,M,N,마포구,2017
C7504,M,34,30대,M,N,용산구,2017
C7505,M,35,30대,S,N,송파구,2017
C7506,M,26,20대,M,Y,광진구,2017
C7507,M,57,50대,M,Y,송파구,2017
C7508,M,38,30대,M,N,서대문구,2017
C7509,F,29,20대,M,N,동작구,2017
C7510,F,20,20대,S,N,송파구,2017
C7511,M,21,20대,S,N,광진구,2017
C7512,F,22,20대,S,N,강남구,2017
C7513,F,43,40대,S,N,광진구,2017
C7514,M,54,50대,M,N,강남구,2017
C7515,F,25,20대,S,N,강남구,2017
C7516,F,46,40대,M,N,강남구,2017
C7517,M,47,40대,M,Y,강남구,2017
C7518,M,48,40대,M,Y,마포구,2017
C7519,F,39,30대,S,N,용산구,2017
C7520,F,30,30대,M,N,광진구,2017
C7521,M,31,30대,M,Y,용산구,2017
C7522,M,22,20대,S,N,동작구,2017
C7523,M,23,20대,S,N,관악구,2017
C7524,F,24,20대,S,N,광진구,2017
C7525,F,25,20대,S,N,강남구,2017
C7526,M,36,30대,M,Y,관악구,2017
C7527,M,27,20대,S,N,광진구,2017
C7528,M,38,30대,M,N,용산구,2017
C7529,F,62,60대,S,N,서대문구,2017
C7530,M,40,40대,M,N,서대문구,2017
C7531,F,51,50대,M,Y,서대문구,2017
C7532,F,32,30대,M,Y,서대문구,2017
C7533,M,53,50대,M,N,용산구,2017
C7534,M,54,50대,M,N,용산구,2017
C7535,F,25,20대,S,N,관악구,2017
C7536,F,36,30대,S,N,용산구,2017
C7537,F,57,50대,M,N,강남구,2017
C7538,M,28,20대,S,N,강남구,2017
C7539,F,29,20대,M,N,양천구,2017
C7540,F,40,40대,M,Y,용산구,2017
C7541,M,21,20대,S,N,서초구,2017
C7542,M,32,30대,M,Y,동작구,2017
C7543,F,53,50대,M,N,용산구,2017
C7544,F,24,20대,M,N,송파구,2017
C7545,M,45,40대,M,Y,광진구,2017
C7546,F,56,50대,M,N,동작구,2017
C7547,M,47,40대,M,Y,서초구,2017
C7548,M,28,20대,M,Y,용산구,2017
C7549,M,61,60대,S,N,관악구,2017
C7550,F,20,20대,S,N,서대문구,2017
C7551,F,31,30대,M,Y,서초구,2017
C7552,M,52,50대,S,N,강남구,2017
C7553,M,43,40대,S,N,동작구,2017
C7554,F,24,20대,S,N,용산구,2017
C7555,F,35,30대,M,Y,관악구,2017
C7556,M,46,40대,S,N,서초구,2017
C7557,M,47,40대,M,Y,마포구,2017
C7558,M,58,50대,M,N,강남구,2017
C7559,F,39,30대,S,N,관악구,2017
C7560,F,40,40대,M,Y,서대문구,2017
C7561,F,21,20대,M,N,강남구,2017
C7562,M,22,20대,S,N,관악구,2017
C7563,F,43,40대,S,N,강남구,2017
C7564,M,24,20대,M,N,용산구,2017
C7565,F,35,30대,M,N,강남구,2017
C7566,M,46,40대,M,N,강남구,2017
C7567,F,47,40대,M,N,동작구,2017
C7568,F,38,30대,S,N,서대문구,2017
C7569,F,60,60대,S,N,광진구,2017
C7570,M,50,50대,S,N,강남구,2017
C7571,M,51,50대,M,N,관악구,2017
C7572,M,22,20대,S,N,강남구,2017
C7573,M,33,30대,S,N,서초구,2017
C7574,M,24,20대,M,Y,서초구,2017
C7575,F,45,40대,M,Y,광진구,2017
C7576,F,36,30대,M,Y,마포구,2017
C7577,M,37,30대,S,N,마포구,2017
C7578,F,19,10대,S,N,송파구,2017
C7579,F,63,60대,M,N,송파구,2017
C7580,F,20,20대,M,Y,용산구,2017
C7581,M,21,20대,S,N,서대문구,2017
C7582,F,42,40대,M,Y,용산구,2017
C7583,F,43,40대,M,Y,동작구,2017
C7584,M,24,20대,M,N,광진구,2017
C7585,F,25,20대,M,Y,서대문구,2017
C7586,F,36,30대,M,N,마포구,2017
C7587,F,37,30대,M,Y,마포구,2017
C7588,M,38,30대,M,N,동작구,2017
C7589,M,49,40대,M,Y,강남구,2017
C7590,M,50,50대,M,N,강남구,2017
C7591,F,41,40대,M,N,서대문구,2017
C7592,F,42,40대,M,Y,강남구,2017
C7593,F,33,30대,M,N,마포구,2017
C7594,F,24,20대,S,N,광진구,2017
C7595,F,45,40대,M,Y,서대문구,2017
C7596,M,36,30대,M,N,마포구,2017
C7597,F,27,20대,M,N,용산구,2017
C7598,F,28,20대,M,Y,송파구,2017
C7599,F,49,40대,M,N,양천구,2017
C7600,F,30,30대,M,Y,동작구,2017
C7601,M,21,20대,M,Y,강남구,2017
C7602,M,22,20대,S,N,강남구,2017
C7603,M,33,30대,M,Y,광진구,2017
C7604,F,18,10대,S,N,용산구,2017
C7605,F,35,30대,M,N,관악구,2017
C7606,F,19,10대,S,N,서초구,2017
C7607,M,27,20대,M,Y,송파구,2017
C7608,M,48,40대,M,Y,관악구,2017
C7609,F,59,50대,M,Y,용산구,2017
C7610,M,40,40대,S,N,관악구,2017
C7611,M,31,30대,S,N,강남구,2017
C7612,M,42,40대,M,Y,마포구,2017
C7613,F,23,20대,S,N,용산구,2017
C7614,M,44,40대,M,Y,용산구,2017
C7615,M,25,20대,M,Y,서대문구,2017
C7616,F,46,40대,M,N,강남구,2017
C7617,F,27,20대,M,Y,마포구,2017
C7618,F,28,20대,S,N,강남구,2017
C7619,M,29,20대,S,N,강남구,2017
C7620,M,20,20대,S,N,강남구,2017
C7621,F,31,30대,M,N,송파구,2017
C7622,M,52,50대,M,N,양천구,2017
C7623,M,23,20대,S,N,양천구,2017
C7624,F,44,40대,M,N,양천구,2017
C7625,M,25,20대,M,Y,마포구,2017
C7626,M,46,40대,M,N,강남구,2017
C7627,F,27,20대,M,Y,강남구,2017
C7628,M,58,50대,S,N,강남구,2017
C7629,M,29,20대,M,N,서대문구,2017
C7630,F,30,30대,S,N,강남구,2017
C7631,M,21,20대,M,Y,서대문구,2017
C7632,M,32,30대,M,N,용산구,2017
C7633,F,33,30대,M,Y,서대문구,2017
C7634,F,24,20대,M,N,양천구,2017
C7635,M,45,40대,M,Y,강남구,2017
C7636,M,46,40대,S,N,광진구,2017
C7637,M,27,20대,M,Y,송파구,2017
C7638,F,48,40대,S,N,동작구,2017
C7639,F,59,50대,M,N,광진구,2017
C7640,M,20,20대,S,N,서대문구,2017
C7641,F,41,40대,S,N,용산구,2017
C7642,M,22,20대,M,N,강남구,2017
C7643,M,23,20대,M,Y,송파구,2017
C7644,M,34,30대,M,Y,관악구,2017
C7645,F,55,50대,M,N,송파구,2017
C7646,M,46,40대,M,Y,양천구,2017
C7647,M,37,30대,S,N,송파구,2017
C7648,F,48,40대,S,N,광진구,2017
C7649,F,59,50대,M,N,광진구,2017
C7650,M,20,20대,S,N,송파구,2017
C7651,F,21,20대,S,N,양천구,2017
C7652,M,22,20대,S,N,서대문구,2017
C7653,F,43,40대,M,N,광진구,2017
C7654,M,24,20대,M,N,서대문구,2017
C7655,F,35,30대,S,N,동작구,2017
C7656,F,46,40대,S,N,마포구,2017
C7657,F,37,30대,S,N,서대문구,2017
C7658,F,38,30대,S,N,양천구,2017
C7659,F,66,60대,S,N,광진구,2017
C7660,M,20,20대,S,N,강남구,2017
C7661,M,21,20대,M,N,용산구,2017
C7662,F,22,20대,M,N,광진구,2017
C7663,M,33,30대,M,Y,용산구,2017
C7664,M,34,30대,M,Y,용산구,2017
C7665,F,45,40대,M,Y,동작구,2017
C7666,M,46,40대,M,N,송파구,2017
C7667,F,37,30대,S,N,광진구,2017
C7668,M,48,40대,M,N,동작구,2017
C7669,F,29,20대,M,N,용산구,2017
C7670,M,40,40대,M,Y,용산구,2017
C7671,F,41,40대,M,Y,서초구,2017
C7672,M,32,30대,S,N,서초구,2017
C7673,F,23,20대,M,N,송파구,2017
C7674,M,44,40대,M,N,송파구,2017
C7675,F,35,30대,S,N,서초구,2017
C7676,F,26,20대,S,N,송파구,2017
C7677,M,27,20대,M,Y,송파구,2017
C7678,F,58,50대,M,N,마포구,2017
C7679,M,65,60대,S,N,양천구,2017
C7680,M,50,50대,M,N,용산구,2017
C7681,F,41,40대,S,N,송파구,2017
C7682,F,22,20대,M,Y,송파구,2018
C7683,F,43,40대,M,Y,송파구,2018
C7684,F,24,20대,M,Y,용산구,2018
C7685,F,45,40대,S,Y,마포구,2018
C7686,M,26,20대,S,N,용산구,2018
C7687,F,27,20대,M,Y,서대문구,2018
C7688,F,48,40대,M,Y,강남구,2018
C7689,M,49,40대,M,Y,강남구,2018
C7690,F,30,30대,M,Y,마포구,2018
C7691,F,51,50대,M,Y,용산구,2018
C7692,M,22,20대,M,N,양천구,2018
C7693,F,53,50대,S,N,광진구,2018
C7694,F,24,20대,M,N,서대문구,2018
C7695,F,35,30대,M,N,마포구,2018
C7696,F,46,40대,M,N,서대문구,2018
C7697,M,27,20대,S,N,강남구,2018
C7698,M,28,20대,S,N,광진구,2018
C7699,M,29,20대,S,N,용산구,2018
C7700,M,40,40대,M,Y,용산구,2018
C7701,M,21,20대,S,N,용산구,2018
C7702,F,52,50대,S,N,양천구,2018
C7703,F,43,40대,M,N,용산구,2018
C7704,M,54,50대,M,N,서초구,2018
C7705,M,35,30대,S,N,양천구,2018
C7706,F,56,50대,M,N,강남구,2018
C7707,M,27,20대,M,Y,서대문구,2018
C7708,M,48,40대,S,N,강남구,2018
C7709,F,29,20대,S,N,강남구,2018
C7710,F,20,20대,S,N,서초구,2018
C7711,F,31,30대,M,Y,마포구,2018
C7712,F,32,30대,M,Y,강남구,2018
C7713,F,33,30대,M,Y,송파구,2018
C7714,F,44,40대,M,Y,서대문구,2018
C7715,F,25,20대,S,N,강남구,2018
C7716,F,26,20대,M,N,마포구,2018
C7717,M,37,30대,S,N,서대문구,2018
C7718,M,38,30대,S,N,서초구,2018
C7719,F,49,40대,M,N,서초구,2018
C7720,M,20,20대,M,N,마포구,2018
C7721,M,21,20대,M,N,서대문구,2018
C7722,M,22,20대,S,N,양천구,2018
C7723,F,23,20대,S,N,서초구,2018
C7724,M,24,20대,S,N,용산구,2018
C7725,M,35,30대,S,N,서초구,2018
C7726,M,26,20대,M,Y,용산구,2018
C7727,M,47,40대,M,Y,강남구,2018
C7728,F,38,30대,S,N,송파구,2018
C7729,F,66,60대,M,N,용산구,2018
C7730,F,40,40대,M,Y,관악구,2018
C7731,F,51,50대,M,N,송파구,2018
C7732,M,32,30대,M,N,강남구,2018
C7733,F,23,20대,M,N,동작구,2018
C7734,M,24,20대,S,N,송파구,2018
C7735,M,55,50대,M,N,서대문구,2018
C7736,F,46,40대,M,N,용산구,2018
C7737,F,37,30대,M,N,광진구,2018
C7738,F,38,30대,S,N,용산구,2018
C7739,F,59,50대,M,N,관악구,2018
C7740,F,40,40대,M,Y,동작구,2018
C7741,M,21,20대,M,N,동작구,2018
C7742,F,32,30대,S,N,송파구,2018
C7743,F,23,20대,M,N,강남구,2018
C7744,F,24,20대,S,N,강남구,2018
C7745,F,45,40대,M,Y,양천구,2018
C7746,M,46,40대,M,Y,동작구,2018
C7747,F,37,30대,S,N,광진구,2018
C7748,F,58,50대,M,Y,관악구,2018
C7749,M,65,60대,S,N,용산구,2018
C7750,M,30,30대,M,N,마포구,2018
C7751,M,31,30대,M,Y,강남구,2018
C7752,M,22,20대,M,Y,강남구,2018
C7753,M,33,30대,M,Y,용산구,2018
C7754,M,24,20대,S,N,강남구,2018
C7755,F,55,50대,S,N,광진구,2018
C7756,F,46,40대,M,Y,강남구,2018
C7757,F,47,40대,S,N,강남구,2018
C7758,M,28,20대,M,Y,마포구,2018
C7759,M,61,60대,S,N,강남구,2018
C7760,F,50,50대,S,N,송파구,2018
C7761,F,51,50대,S,N,송파구,2018
C7762,M,52,50대,S,N,용산구,2018
C7763,F,23,20대,S,N,송파구,2018
C7764,F,24,20대,M,Y,용산구,2018
C7765,M,35,30대,S,N,강남구,2018
C7766,M,46,40대,S,N,서초구,2018
C7767,M,37,30대,M,N,서대문구,2018
C7768,F,58,50대,M,Y,서대문구,2018
C7769,M,39,30대,S,N,용산구,2018
C7770,F,40,40대,M,Y,동작구,2018
C7771,M,41,40대,M,N,동작구,2018
C7772,F,52,50대,M,Y,용산구,2018
C7773,M,43,40대,M,Y,용산구,2018
C7774,F,54,50대,M,N,강남구,2018
C7775,M,35,30대,M,N,서대문구,2018
C7776,F,36,30대,M,Y,광진구,2018
C7777,M,47,40대,M,N,광진구,2018
C7778,F,58,50대,M,N,강남구,2018
C7779,F,49,40대,M,Y,강남구,2018
C7780,F,20,20대,M,Y,용산구,2018
C7781,M,51,50대,M,N,마포구,2018
C7782,M,32,30대,M,N,강남구,2018
C7783,M,43,40대,M,Y,관악구,2018
C7784,F,24,20대,S,N,마포구,2018
C7785,M,45,40대,M,Y,강남구,2018
C7786,M,56,50대,M,Y,광진구,2018
C7787,M,37,30대,M,N,강남구,2018
C7788,F,38,30대,S,N,관악구,2018
C7789,F,39,30대,M,Y,송파구,2018
C7790,M,20,20대,S,N,송파구,2018
C7791,F,51,50대,M,N,동작구,2018
C7792,F,52,50대,M,N,송파구,2018
C7793,F,53,50대,M,Y,강남구,2018
C7794,F,34,30대,M,Y,강남구,2018
C7795,F,35,30대,S,N,광진구,2018
C7796,M,36,30대,S,N,용산구,2018
C7797,F,47,40대,M,N,강남구,2018
C7798,F,48,40대,M,Y,마포구,2018
C7799,M,66,60대,S,N,송파구,2018
C7800,F,40,40대,S,N,서대문구,2018
C7801,M,31,30대,M,Y,용산구,2018
C7802,M,32,30대,M,Y,서대문구,2018
C7803,M,23,20대,M,N,용산구,2018
C7804,F,54,50대,S,N,강남구,2018
C7805,M,25,20대,S,N,강남구,2018
C7806,F,36,30대,M,N,관악구,2018
C7807,M,57,50대,M,N,용산구,2018
C7808,F,38,30대,M,N,동작구,2018
C7809,F,39,30대,S,N,송파구,2018
C7810,F,40,40대,M,Y,용산구,2018
C7811,F,21,20대,M,N,양천구,2018
C7812,F,52,50대,M,Y,동작구,2018
C7813,F,33,30대,M,N,강남구,2018
C7814,F,24,20대,S,N,광진구,2018
C7815,M,45,40대,M,N,관악구,2018
C7816,F,46,40대,M,N,용산구,2018
C7817,F,37,30대,S,N,광진구,2018
C7818,M,38,30대,M,Y,송파구,2018
C7819,F,65,60대,M,N,송파구,2018
C7820,M,40,40대,S,N,서대문구,2018
C7821,F,21,20대,S,N,송파구,2018
C7822,M,22,20대,S,N,용산구,2018
C7823,M,43,40대,M,N,용산구,2018
C7824,M,24,20대,M,N,강남구,2018
C7825,F,35,30대,S,N,양천구,2018
C7826,M,46,40대,M,Y,강남구,2018
C7827,F,37,30대,S,N,송파구,2018
C7828,F,38,30대,S,N,관악구,2018
C7829,F,59,50대,M,N,광진구,2018
C7830,F,20,20대,M,N,서대문구,2018
C7831,M,21,20대,M,Y,양천구,2018
C7832,F,22,20대,M,Y,강남구,2018
C7833,M,23,20대,S,N,광진구,2018
C7834,M,44,40대,M,Y,송파구,2018
C7835,M,45,40대,M,Y,동작구,2018
C7836,F,56,50대,M,Y,용산구,2018
C7837,F,27,20대,M,Y,광진구,2018
C7838,F,48,40대,M,Y,용산구,2018
C7839,M,59,50대,M,N,동작구,2018
C7840,M,50,50대,M,Y,강남구,2018
C7841,M,31,30대,S,N,강남구,2018
C7842,F,52,50대,M,Y,송파구,2018
C7843,M,33,30대,M,Y,양천구,2018
C7844,M,54,50대,M,Y,용산구,2018
C7845,M,25,20대,S,N,강남구,2018
C7846,M,46,40대,M,N,용산구,2018
C7847,M,47,40대,M,Y,관악구,2018
C7848,F,48,40대,M,N,송파구,2018
C7849,M,29,20대,S,N,관악구,2018
C7850,F,20,20대,S,N,용산구,2018
C7851,M,18,10대,S,N,관악구,2018
C7852,M,42,40대,M,Y,강남구,2018
C7853,F,23,20대,M,N,용산구,2018
C7854,M,44,40대,M,Y,서초구,2018
C7855,M,55,50대,S,N,강남구,2018
C7856,M,46,40대,M,N,강남구,2018
C7857,M,27,20대,M,Y,마포구,2018
C7858,F,48,40대,M,Y,광진구,2018
C7859,F,49,40대,M,Y,강남구,2018
C7860,F,20,20대,S,N,양천구,2018
C7861,M,51,50대,S,N,광진구,2018
C7862,F,19,10대,S,N,광진구,2018
C7863,F,23,20대,M,N,송파구,2018
C7864,M,24,20대,M,N,마포구,2018
C7865,F,35,30대,M,N,마포구,2018
C7866,F,46,40대,S,N,용산구,2018
C7867,M,37,30대,M,N,동작구,2018
C7868,F,38,30대,M,N,마포구,2018
C7869,F,66,60대,M,N,마포구,2018
C7870,F,30,30대,M,N,강남구,2018
C7871,M,21,20대,M,N,용산구,2018
C7872,F,32,30대,S,N,광진구,2018
C7873,M,23,20대,M,N,강남구,2018
C7874,F,24,20대,M,N,관악구,2018
C7875,F,35,30대,S,N,용산구,2018
C7876,F,26,20대,M,N,동작구,2018
C7877,F,47,40대,M,N,관악구,2018
C7878,F,58,50대,S,N,송파구,2018
C7879,M,39,30대,S,N,강남구,2018
C7880,M,50,50대,M,Y,양천구,2018
C7881,M,21,20대,S,N,광진구,2018
C7882,M,42,40대,M,N,동작구,2018
C7883,M,23,20대,S,N,마포구,2018
C7884,M,24,20대,S,N,양천구,2018
C7885,M,55,50대,S,N,서대문구,2018
C7886,M,36,30대,M,Y,용산구,2018
C7887,F,27,20대,M,Y,동작구,2018
C7888,M,38,30대,S,N,서대문구,2018
C7889,F,65,60대,M,N,양천구,2018
C7890,F,40,40대,M,Y,강남구,2018
C7891,F,31,30대,M,Y,서초구,2018
C7892,M,32,30대,M,Y,서초구,2018
C7893,F,23,20대,S,N,용산구,2018
C7894,F,24,20대,M,Y,양천구,2018
C7895,F,35,30대,M,N,마포구,2018
C7896,M,36,30대,M,Y,양천구,2018
C7897,F,57,50대,M,N,관악구,2018
C7898,M,48,40대,M,N,강남구,2018
C7899,M,29,20대,M,Y,광진구,2018
C7900,F,30,30대,M,Y,용산구,2018
C7901,F,51,50대,M,N,강남구,2018
C7902,M,32,30대,M,N,강남구,2018
C7903,M,23,20대,S,N,양천구,2018
C7904,F,19,10대,S,N,서대문구,2018
C7905,F,25,20대,M,Y,서초구,2018
C7906,F,56,50대,M,N,강남구,2018
C7907,F,27,20대,S,N,강남구,2018
C7908,M,48,40대,M,N,강남구,2018
C7909,M,49,40대,M,N,서초구,2018
C7910,F,40,40대,M,Y,양천구,2018
C7911,F,31,30대,S,N,강남구,2018
C7912,M,22,20대,S,N,광진구,2018
C7913,M,19,10대,S,N,서대문구,2018
C7914,F,44,40대,M,Y,송파구,2018
C7915,F,25,20대,M,Y,관악구,2018
C7916,M,46,40대,S,N,광진구,2018
C7917,F,27,20대,M,Y,용산구,2018
C7918,M,38,30대,M,N,송파구,2018
C7919,M,60,60대,S,N,용산구,2018
C7920,M,30,30대,S,N,용산구,2018
C7921,F,21,20대,M,N,용산구,2018
C7922,F,19,10대,S,N,송파구,2018
C7923,F,23,20대,M,Y,광진구,2018
C7924,F,34,30대,M,Y,강남구,2018
C7925,M,55,50대,M,Y,서대문구,2018
C7926,F,56,50대,S,N,강남구,2018
C7927,M,37,30대,S,N,마포구,2018
C7928,M,38,30대,M,N,동작구,2018
C7929,M,29,20대,S,N,용산구,2018
C7930,M,20,20대,S,N,용산구,2018
C7931,M,31,30대,M,Y,광진구,2018
C7932,F,22,20대,M,N,서대문구,2018
C7933,F,23,20대,M,N,서초구,2018
C7934,M,54,50대,S,N,강남구,2018
C7935,M,45,40대,M,Y,강남구,2018
C7936,F,36,30대,M,Y,광진구,2018
C7937,M,47,40대,M,Y,강남구,2018
C7938,M,58,50대,S,N,서대문구,2018
C7939,M,66,60대,S,N,강남구,2018
C7940,M,30,30대,M,Y,강남구,2018
C7941,F,21,20대,M,Y,서대문구,2018
C7942,F,42,40대,M,Y,동작구,2018
C7943,M,23,20대,M,N,서대문구,2018
C7944,F,24,20대,S,N,광진구,2018
C7945,M,25,20대,S,N,강남구,2018
C7946,M,26,20대,M,Y,송파구,2018
C7947,F,37,30대,S,N,동작구,2018
C7948,F,38,30대,S,N,양천구,2018
C7949,F,49,40대,M,Y,강남구,2018
C7950,F,40,40대,M,N,용산구,2018
C7951,M,31,30대,M,Y,용산구,2018
C7952,M,22,20대,S,N,관악구,2018
C7953,F,23,20대,M,N,동작구,2018
C7954,F,24,20대,S,N,마포구,2018
C7955,M,25,20대,M,Y,양천구,2018
C7956,M,46,40대,M,N,송파구,2018
C7957,F,47,40대,M,N,마포구,2018
C7958,M,38,30대,S,N,용산구,2018
C7959,F,49,40대,M,Y,강남구,2018
C7960,M,20,20대,M,N,동작구,2018
C7961,F,21,20대,M,N,강남구,2018
C7962,F,42,40대,M,Y,용산구,2018
C7963,F,33,30대,S,N,용산구,2018
C7964,F,24,20대,S,N,관악구,2018
C7965,F,55,50대,M,Y,광진구,2018
C7966,M,56,50대,M,Y,용산구,2018
C7967,M,27,20대,S,N,강남구,2018
C7968,F,38,30대,S,N,마포구,2018
C7969,F,59,50대,S,N,마포구,2018
C7970,M,20,20대,M,N,용산구,2018
C7971,F,21,20대,M,Y,마포구,2018
C7972,M,22,20대,S,N,송파구,2018
C7973,M,53,50대,S,N,서초구,2018
C7974,F,34,30대,S,N,광진구,2018
C7975,M,45,40대,M,Y,서대문구,2018
C7976,M,46,40대,S,N,강남구,2018
C7977,M,37,30대,M,Y,광진구,2018
C7978,F,38,30대,S,N,관악구,2018
C7979,F,39,30대,M,Y,용산구,2018
C7980,M,20,20대,S,N,송파구,2018
C7981,M,21,20대,M,Y,서대문구,2018
C7982,M,32,30대,S,N,송파구,2018
C7983,M,53,50대,M,Y,용산구,2018
C7984,F,34,30대,M,Y,송파구,2018
C7985,M,35,30대,M,N,용산구,2018
C7986,F,56,50대,M,N,관악구,2018
C7987,F,37,30대,S,Y,강남구,2018
C7988,F,38,30대,M,N,송파구,2018
C7989,F,60,60대,S,N,용산구,2018
C7990,F,30,30대,S,N,광진구,2018
C7991,F,21,20대,S,N,서대문구,2018
C7992,F,32,30대,M,Y,양천구,2018
C7993,F,23,20대,M,Y,광진구,2018
C7994,M,24,20대,S,N,용산구,2018
C7995,F,35,30대,M,N,마포구,2018
C7996,M,46,40대,M,N,강남구,2018
C7997,M,27,20대,M,Y,양천구,2018
C7998,F,58,50대,M,N,광진구,2018
C7999,F,49,40대,M,Y,서대문구,2018
C8000,M,40,40대,M,Y,관악구,2018
C8001,M,21,20대,S,N,관악구,2018
C8002,M,42,40대,M,Y,용산구,2018
C8003,F,23,20대,S,N,용산구,2018
C8004,F,34,30대,M,Y,강남구,2018
C8005,M,35,30대,S,N,강남구,2018
C8006,M,26,20대,S,N,동작구,2018
C8007,M,37,30대,M,Y,마포구,2018
C8008,F,48,40대,M,Y,서대문구,2018
C8009,M,39,30대,M,Y,강남구,2018
C8010,F,20,20대,S,N,강남구,2018
C8011,F,21,20대,M,N,관악구,2018
C8012,M,22,20대,M,N,송파구,2018
C8013,F,43,40대,M,N,강남구,2018
C8014,F,34,30대,M,Y,서대문구,2018
C8015,M,35,30대,M,N,양천구,2018
C8016,F,36,30대,M,N,관악구,2018
C8017,M,57,50대,M,Y,서초구,2018
C8018,F,48,40대,M,Y,서대문구,2018
C8019,M,49,40대,M,Y,마포구,2018
C8020,M,50,50대,M,Y,광진구,2018
C8021,M,51,50대,S,N,서대문구,2018
C8022,M,32,30대,M,Y,용산구,2018
C8023,F,33,30대,M,N,강남구,2018
C8024,M,44,40대,M,Y,강남구,2018
C8025,M,35,30대,S,N,광진구,2018
C8026,F,46,40대,M,N,양천구,2018
C8027,F,37,30대,M,N,강남구,2018
C8028,F,58,50대,M,N,마포구,2018
C8029,M,65,60대,S,N,광진구,2018
C8030,M,20,20대,S,N,강남구,2018
C8031,F,21,20대,S,N,동작구,2018
C8032,M,42,40대,S,N,광진구,2018
C8033,F,33,30대,M,Y,서대문구,2018
C8034,M,54,50대,S,N,마포구,2018
C8035,F,35,30대,M,N,송파구,2018
C8036,M,46,40대,S,N,서대문구,2018
C8037,M,37,30대,M,Y,강남구,2018
C8038,M,28,20대,S,N,광진구,2018
C8039,F,29,20대,S,N,강남구,2018
C8040,F,20,20대,M,Y,강남구,2018
C8041,F,31,30대,M,N,용산구,2018
C8042,F,42,40대,S,N,용산구,2018
C8043,F,23,20대,M,Y,송파구,2018
C8044,M,24,20대,M,N,서대문구,2018
C8045,F,35,30대,M,N,양천구,2018
C8046,F,26,20대,M,Y,동작구,2018
C8047,F,47,40대,M,Y,양천구,2018
C8048,M,48,40대,M,Y,양천구,2018
C8049,F,29,20대,M,N,송파구,2018
C8050,F,20,20대,S,N,서대문구,2018
C8051,M,41,40대,M,N,양천구,2018
C8052,M,22,20대,S,N,광진구,2018
C8053,F,43,40대,S,N,마포구,2018
C8054,F,34,30대,S,N,강남구,2018
C8055,M,45,40대,M,N,용산구,2018
C8056,F,46,40대,S,N,송파구,2018
C8057,F,27,20대,S,N,관악구,2018
C8058,F,48,40대,M,Y,관악구,2018
C8059,M,29,20대,S,N,용산구,2018
C8060,M,40,40대,M,Y,송파구,2018
C8061,F,41,40대,M,Y,서대문구,2018
C8062,M,52,50대,M,Y,서초구,2018
C8063,M,23,20대,S,N,마포구,2018
C8064,F,54,50대,M,N,광진구,2018
C8065,F,55,50대,M,N,송파구,2018
C8066,M,36,30대,M,Y,용산구,2018
C8067,M,27,20대,M,Y,강남구,2018
C8068,F,48,40대,M,Y,서초구,2018
C8069,M,39,30대,M,Y,강남구,2018
C8070,F,20,20대,S,N,동작구,2018
C8071,M,21,20대,S,N,용산구,2018
C8072,M,22,20대,S,N,관악구,2018
C8073,F,53,50대,M,N,서대문구,2018
C8074,M,54,50대,S,N,송파구,2018
C8075,F,45,40대,M,Y,광진구,2018
C8076,F,46,40대,M,Y,용산구,2018
C8077,F,37,30대,S,N,광진구,2018
C8078,F,38,30대,M,Y,송파구,2018
C8079,F,39,30대,M,Y,용산구,2018
C8080,M,20,20대,M,N,광진구,2018
C8081,M,41,40대,M,Y,서대문구,2018
C8082,M,22,20대,M,Y,용산구,2018
C8083,F,43,40대,M,Y,강남구,2018
C8084,M,24,20대,M,N,강남구,2018
C8085,F,35,30대,S,N,서대문구,2018
C8086,M,46,40대,M,N,용산구,2018
C8087,F,27,20대,M,Y,송파구,2018
C8088,M,38,30대,S,N,강남구,2018
C8089,M,49,40대,S,N,송파구,2018
C8090,F,20,20대,S,N,강남구,2018
C8091,M,21,20대,M,Y,용산구,2018
C8092,F,22,20대,M,N,송파구,2018
C8093,F,23,20대,M,N,강남구,2018
C8094,F,44,40대,M,Y,마포구,2018
C8095,F,55,50대,M,N,마포구,2018
C8096,F,56,50대,M,N,강남구,2018
C8097,M,57,50대,M,N,용산구,2018
C8098,M,58,50대,M,Y,양천구,2018
C8099,M,65,60대,M,N,양천구,2018
C8100,F,40,40대,S,N,강남구,2018
C8101,F,21,20대,M,Y,서대문구,2018
C8102,M,22,20대,S,N,마포구,2018
C8103,M,43,40대,S,N,관악구,2018
C8104,F,44,40대,M,Y,동작구,2018
C8105,F,35,30대,M,Y,강남구,2018
C8106,F,46,40대,M,N,관악구,2018
C8107,M,47,40대,M,N,광진구,2018
C8108,M,38,30대,S,N,용산구,2018
C8109,M,49,40대,M,Y,송파구,2018
C8110,M,20,20대,S,N,동작구,2018
C8111,M,21,20대,M,N,동작구,2018
C8112,F,42,40대,M,Y,강남구,2018
C8113,F,43,40대,S,Y,강남구,2018
C8114,F,54,50대,M,N,용산구,2018
C8115,M,35,30대,M,Y,서초구,2018
C8116,F,46,40대,M,N,용산구,2018
C8117,M,27,20대,M,Y,동작구,2018
C8118,F,28,20대,M,Y,양천구,2018
C8119,M,39,30대,S,N,송파구,2018
C8120,M,30,30대,S,N,동작구,2018
C8121,F,21,20대,S,N,강남구,2018
C8122,M,32,30대,S,N,용산구,2018
C8123,M,53,50대,M,Y,송파구,2018
C8124,F,44,40대,M,Y,양천구,2018
C8125,M,55,50대,M,N,용산구,2018
C8126,M,46,40대,S,N,서초구,2018
C8127,M,47,40대,M,Y,서대문구,2018
C8128,M,58,50대,M,Y,서대문구,2018
C8129,M,60,60대,M,N,서대문구,2018
C8130,F,20,20대,M,N,서대문구,2018
C8131,M,51,50대,M,N,송파구,2018
C8132,M,42,40대,M,N,강남구,2018
C8133,M,33,30대,M,Y,동작구,2018
C8134,F,24,20대,M,N,강남구,2018
C8135,F,35,30대,M,Y,동작구,2018
C8136,M,36,30대,M,N,마포구,2018
C8137,M,47,40대,M,Y,강남구,2018
C8138,F,58,50대,M,Y,광진구,2018
C8139,F,39,30대,M,N,마포구,2018
C8140,M,20,20대,S,N,송파구,2018
C8141,M,21,20대,M,Y,관악구,2018
C8142,F,42,40대,M,N,마포구,2018
C8143,M,33,30대,M,Y,용산구,2018
C8144,M,24,20대,S,N,서초구,2018
C8145,M,25,20대,M,Y,서초구,2018
C8146,M,26,20대,M,N,강남구,2018
C8147,M,37,30대,M,Y,용산구,2018
C8148,M,58,50대,M,N,광진구,2018
C8149,F,29,20대,S,N,관악구,2018
C8150,F,50,50대,M,Y,강남구,2018
C8151,M,51,50대,S,N,관악구,2018
C8152,F,22,20대,S,N,동작구,2018
C8153,M,33,30대,M,N,용산구,2018
C8154,M,24,20대,S,N,강남구,2018
C8155,M,35,30대,S,N,강남구,2018
C8156,M,56,50대,M,N,용산구,2018
C8157,M,27,20대,S,N,광진구,2018
C8158,F,38,30대,S,N,서초구,2018
C8159,F,39,30대,S,N,강남구,2018
C8160,M,20,20대,M,N,동작구,2018
C8161,M,51,50대,M,Y,용산구,2018
C8162,F,52,50대,S,N,관악구,2018
C8163,F,53,50대,M,N,광진구,2018
C8164,F,54,50대,M,Y,강남구,2018
C8165,F,45,40대,M,Y,관악구,2018
C8166,M,56,50대,S,N,마포구,2018
C8167,F,37,30대,S,N,마포구,2018
C8168,M,38,30대,M,N,마포구,2018
C8169,F,49,40대,M,N,송파구,2018
C8170,M,30,30대,S,N,용산구,2018
C8171,F,21,20대,M,N,강남구,2018
C8172,F,22,20대,S,N,관악구,2018
C8173,F,43,40대,M,Y,용산구,2018
C8174,M,24,20대,S,N,송파구,2018
C8175,M,35,30대,S,N,강남구,2018
C8176,F,56,50대,M,N,서대문구,2018
C8177,F,47,40대,M,N,마포구,2018
C8178,F,38,30대,M,Y,강남구,2018
C8179,F,59,50대,M,N,서대문구,2018
C8180,M,20,20대,S,N,송파구,2018
C8181,F,41,40대,M,N,용산구,2018
C8182,F,52,50대,M,N,강남구,2018
C8183,F,43,40대,M,N,용산구,2018
C8184,F,24,20대,M,N,강남구,2018
C8185,F,35,30대,S,N,광진구,2018
C8186,F,46,40대,M,N,서대문구,2018
C8187,M,37,30대,S,N,송파구,2018
C8188,F,19,10대,S,N,용산구,2018
C8189,F,49,40대,S,N,광진구,2018
C8190,M,30,30대,M,Y,동작구,2018
C8191,F,41,40대,M,Y,용산구,2018
C8192,F,32,30대,M,Y,강남구,2018
C8193,F,23,20대,M,N,서대문구,2018
C8194,F,54,50대,S,N,서대문구,2018
C8195,M,45,40대,M,Y,마포구,2018
C8196,M,36,30대,M,N,용산구,2018
C8197,M,27,20대,S,N,광진구,2018
C8198,F,28,20대,M,Y,용산구,2018
C8199,F,29,20대,M,Y,마포구,2018
C8200,F,30,30대,M,Y,양천구,2018
C8201,F,21,20대,S,N,용산구,2018
C8202,M,42,40대,M,Y,송파구,2018
C8203,F,23,20대,S,N,용산구,2018
C8204,F,44,40대,M,Y,송파구,2018
C8205,F,35,30대,S,N,광진구,2018
C8206,F,56,50대,M,N,양천구,2018
C8207,M,37,30대,S,N,마포구,2018
C8208,F,28,20대,M,Y,강남구,2018
C8209,M,18,10대,S,N,마포구,2018
C8210,M,50,50대,M,N,강남구,2018
C8211,F,21,20대,S,N,광진구,2018
C8212,M,52,50대,M,N,송파구,2018
C8213,M,23,20대,M,N,서대문구,2018
C8214,F,44,40대,M,N,동작구,2018
C8215,M,55,50대,S,N,강남구,2018
C8216,M,56,50대,M,N,용산구,2018
C8217,F,37,30대,M,N,양천구,2018
C8218,F,38,30대,S,N,광진구,2018
C8219,M,66,60대,S,N,관악구,2018
C8220,F,50,50대,M,Y,서대문구,2018
C8221,M,41,40대,M,Y,관악구,2018
C8222,F,32,30대,M,N,광진구,2018
C8223,M,23,20대,M,N,서대문구,2018
C8224,M,24,20대,S,N,관악구,2018
C8225,F,45,40대,M,N,서초구,2018
C8226,M,46,40대,M,N,용산구,2018
C8227,M,37,30대,M,N,용산구,2018
C8228,M,48,40대,M,N,강남구,2018
C8229,F,49,40대,M,N,강남구,2018
C8230,F,20,20대,S,N,관악구,2018
C8231,F,51,50대,S,N,강남구,2018
C8232,M,52,50대,M,N,동작구,2018
C8233,M,43,40대,M,N,서대문구,2018
C8234,F,34,30대,M,Y,마포구,2018
C8235,M,35,30대,M,N,강남구,2018
C8236,M,26,20대,S,N,양천구,2018
C8237,M,37,30대,S,N,양천구,2018
C8238,M,38,30대,M,Y,서대문구,2018
C8239,F,49,40대,M,Y,관악구,2018
C8240,M,30,30대,M,Y,강남구,2018
C8241,M,51,50대,S,N,강남구,2018
C8242,M,42,40대,S,N,광진구,2018
C8243,M,53,50대,M,Y,용산구,2018
C8244,M,44,40대,M,N,용산구,2018
C8245,M,18,10대,S,N,용산구,2018
C8246,F,46,40대,M,N,광진구,2018
C8247,F,37,30대,M,N,강남구,2018
C8248,F,58,50대,M,Y,서대문구,2018
C8249,M,29,20대,S,N,서초구,2018
C8250,M,50,50대,M,N,용산구,2018
C8251,M,21,20대,S,N,서대문구,2018
C8252,M,32,30대,S,N,용산구,2018
C8253,F,53,50대,S,N,관악구,2018
C8254,F,34,30대,M,Y,강남구,2018
C8255,F,35,30대,M,N,송파구,2018
C8256,M,26,20대,M,N,용산구,2018
C8257,F,37,30대,S,N,용산구,2018
C8258,F,58,50대,S,N,광진구,2018
C8259,M,64,60대,M,N,용산구,2018
C8260,F,40,40대,S,N,서초구,2018
C8261,F,31,30대,S,N,양천구,2018
C8262,M,52,50대,M,N,강남구,2018
C8263,F,23,20대,M,Y,양천구,2018
C8264,F,24,20대,M,Y,용산구,2018
C8265,M,55,50대,M,Y,송파구,2018
C8266,F,56,50대,S,N,광진구,2018
C8267,F,37,30대,S,N,마포구,2018
C8268,M,38,30대,M,Y,광진구,2018
C8269,M,39,30대,S,N,용산구,2018
C8270,F,40,40대,S,N,송파구,2018
C8271,F,21,20대,M,Y,마포구,2018
C8272,F,42,40대,M,Y,광진구,2018
C8273,F,43,40대,M,N,마포구,2018
C8274,F,24,20대,M,N,송파구,2018
C8275,F,55,50대,S,N,강남구,2018
C8276,F,36,30대,S,Y,서대문구,2018
C8277,M,37,30대,S,N,강남구,2018
